brand,model,segment,tier,car_type,volume,status,conflicts,conflict_detail,old_segment,segment_source,segment_note
Chevrolet,T-Series,Pickup,Baseline,Commercial,73475,confirmed,,,Pickup-D,,
Nissan,Sunny,Sedan,Baseline,Passenger,62822,confirmed,,,Car-B,,
KIA,Sportage,Compact SUV,Baseline,Passenger,33602,confirmed,,,SUV-C,researched,
Toyota,Corolla,Sedan,Baseline,Passenger,33312,confirmed,,,Car-C,,
Hyundai,Elantra,Sedan,Baseline,Passenger,29512,confirmed,,,Car-C,,
Hyundai,Tucson,Compact SUV,Baseline,Passenger,27940,confirmed,,,SUV-C,researched,
MG,MGZS,Crossover,Baseline,Passenger,23911,confirmed,,,SUV-B,researched,
MG,MG5,Sedan,Baseline,Passenger,21884,confirmed,,,Car-B,,
Chery,Tiggo7,Compact SUV,Baseline,Passenger,21775,confirmed,,,SUV-C,researched,
Chery,Arizo5,Sedan,Baseline,Passenger,21407,confirmed,,,Car-B,,
FIAT,Tipo,Sedan,Baseline,Passenger,20054,confirmed,,,Car-C,,
Chevrolet,NPR 66,Truck,Baseline,Commercial,19890,confirmed,,,Truck-L,,
BYD,F3,Sedan,Baseline,Passenger,19682,confirmed,,,Car-C,,
Skoda,Kodiaq,SUV,Baseline,Passenger,16034,confirmed,,,SUV-C,researched,
Chevrolet,Optra,Sedan,Baseline,Passenger,15193,confirmed,,"{""segment"": {""Car-C"": 8799, ""Car-B"": 6394}}",Car-C,,
Hyundai,Accent,Sedan,Baseline,Passenger,15192,confirmed,,,Car-B,,
Chery,Tiggo3,Crossover,Baseline,Passenger,14140,confirmed,,,SUV-B,researched,
Volkswagen,Tiguan,Compact SUV,Baseline,Passenger,12839,confirmed,,,SUV-C,researched,
Nissan,Sentra,Sedan,Baseline,Passenger,12304,confirmed,,,Car-C,,
Suzuki,SuperCarry,Van,Baseline,Bus,12195,confirmed,,,Van-B,,
Skoda,Octavia,Sedan,Baseline,Passenger,11827,confirmed,,,Car-C,,
Mercedes,C-Class,Sedan,Highline,Passenger,11816,confirmed,,,Car-3,,
Peugeot,3008,Compact SUV,Baseline,Passenger,10239,confirmed,,,SUV-C,researched,
GoldenDragon,Van,Van,Baseline,Bus,10057,confirmed,,,Van-D,,
Suzuki,Dzire,Sedan,Baseline,Passenger,9882,confirmed,,,Car-B,,
Suzuki,Swift,Hatchback,Baseline,Passenger,9799,confirmed,,,Car HB-B,,
King Long,XMQ6500,Van,Baseline,Bus,9386,confirmed,,,Van-D,,
Chevrolet,Van (N300 Series),Van,Baseline,Bus,9249,confirmed,,,Van-B,,
Mitsubishi,Eclipse,Compact SUV,Baseline,Passenger,9193,confirmed,,,SUV-C,researched,
MG,RX5,Compact SUV,Baseline,Passenger,8395,confirmed,,,SUV-C,researched,
Renault,Megan,Sedan,Baseline,Passenger,8141,confirmed,,,Car-C,,
Mitsubishi,Xpander,MPV,Baseline,Passenger,7564,confirmed,,,MPV-B,,
KIA,Cerato,Sedan,Baseline,Passenger,7487,confirmed,,,Car-C,,
Nissan,Qashqai,Compact SUV,Baseline,Passenger,7212,confirmed,,,SUV-C,researched,
Chery,Tiggo8,SUV,Baseline,Passenger,7033,confirmed,,"{""supply"": {""SUP"": 4210, ""CKD"": 2823}}",SUV-C,researched,
Citroen,C5,Compact SUV,Baseline,Passenger,6736,confirmed,,,SUV-C,researched,
Toyota,Hi Ace,Van,Baseline,Bus,6689,confirmed,,,Van-D,,
Chery,Tiggo4 Pro,Crossover,Baseline,Passenger,6618,confirmed,,"{""supply"": {""CKD"": 432, ""SUP"": 21}}",SUV-B,researched,
Mercedes,E-Class,Sedan,Highline,Passenger,6587,confirmed,,,Car-4,,
Isuzu,D-MAX,Pickup,Baseline,Commercial,6232,confirmed,,,Pickup-D,,
SEAT,Ibiza,Hatchback,Baseline,Passenger,5964,confirmed,,,Car HB-B,,
Mercedes,GLC,SUV,Highline,Passenger,5932,confirmed,,highline size 'SUV-3' mapped to 'Compact SUV' by assuming numeric 1-5 = letter A-E,SUV-3,researched,"4,749mm / 2,888mm WB — D-segment by size"
KIA,Xceed,Compact SUV,Baseline,Passenger,5877,confirmed,,,SUV-B,researched,raised C-segment hatch on the Ceed platform
Nissan,Pickup,Pickup,Baseline,Commercial,5833,confirmed,,"{""supply"": {""CKD"": 5831, ""SUP"": 2}}",Pickup-D,,
Chevrolet,NQR 71,Truck,Baseline,Commercial,5829,confirmed,,,Truck-L,,
MG,HS,Compact SUV,Baseline,Passenger,5634,confirmed,,,SUV-C,researched,
Renault,Duster,Crossover,Baseline,Passenger,5565,confirmed,,,SUV-B,researched,
Suzuki,Ciaz,Sedan,Baseline,Passenger,5439,confirmed,,,Car-B,,
OPEL,Grandland,Compact SUV,Baseline,Passenger,5396,confirmed,,,SUV-C,researched,
MG,MG6,Sedan,Baseline,Passenger,5273,confirmed,,,Car-C,,
Toyota,Fortuner,SUV,Baseline,Passenger,5197,confirmed,,,SUV-D,researched,
Chevrolet,Captiva,SUV,Baseline,Passenger,5095,confirmed,,,SUV-C,researched,
Jetour,X70,SUV,Baseline,Passenger,4999,confirmed,,,SUV-C,researched,
Abaza,Truck,Truck,,Construction,4768,confirmed,,,,user reviewed,
SEAT,Leon,Hatchback,Baseline,Passenger,4212,confirmed,,,Car HB-C,,
LADA,Granta,Sedan,Baseline,Passenger,4165,confirmed,,,Car-B,,
Jetour,T2,SUV,Baseline,Passenger,3898,confirmed,,,SUV-D,researched,
Peugeot,301,Sedan,Baseline,Passenger,3894,confirmed,,,Car-B,,
AUDI,Q3,Compact SUV,Highline,Passenger,3861,confirmed,,highline size 'SUV-2' mapped to 'Crossover' by assuming numeric 1-5 = letter A-E,SUV-2,researched,
BAIC,U5 PLUS,Sedan,Baseline,Passenger,3703,confirmed,,,Car-B,,
MG,One,Compact SUV,Baseline,Passenger,3628,confirmed,,,SUV-C,researched,
Jetour,Dashing,Compact SUV,Baseline,Passenger,3585,confirmed,,,SUV-C,researched,
Toyota,Hilux,Pickup,Baseline,Commercial,3552,confirmed,,,Pickup-D,,
SEAT,Ateca,Compact SUV,Baseline,Passenger,3480,confirmed,,,SUV-C,researched,"4,381mm but C-segment MQB platform"
Proton,Saga,Sedan,Baseline,Passenger,3460,confirmed,,"{""supply"": {""SUP"": 1859, ""CKD"": 1601}}",Car-B,,
Chery,Tiggo7 Pro,Compact SUV,Baseline,Passenger,3431,confirmed,,,SUV-C,researched,
Changan,CS55 Plus,Compact SUV,Baseline,Passenger,3313,confirmed,,"{""supply"": {""SUP"": 2832, ""CKD"": 481}}",SUV-C,researched,
Peugeot,5008,SUV,Baseline,Passenger,3294,confirmed,,,SUV-C,researched,
Geely,Coolray,Crossover,Baseline,Passenger,3286,confirmed,,"{""supply"": {""CKD"": 1727, ""SUP"": 1559}}",SUV-B,researched,
KGM,Torres,SUV,Baseline,Passenger,3264,confirmed,,,SUV-C,researched,
Peugeot,2008,Crossover,Baseline,Passenger,3252,confirmed,,,SUV-B,researched,
Suzuki,Spresso,Hatchback,Baseline,Passenger,3165,confirmed,,,Car HB-A,,
FIAT,500x,Crossover,Baseline,Passenger,3164,confirmed,,,SUV-B,researched,
Renault,Logan,Sedan,Baseline,Passenger,3100,confirmed,,,Car-B,,
Chevrolet,Malibu,Sedan,Baseline,Passenger,3083,confirmed,,,Car-D,,
Haval,H6,Compact SUV,Baseline,Passenger,3077,confirmed,,"{""engine"": {""ICE"": 3065, ""HYBRID"": 12}}",SUV-C,researched,
DFSK,Glory,SUV,Baseline,Passenger,2959,confirmed,,,SUV-B,researched,
Jetour,X70 Plus,SUV,Baseline,Passenger,2932,confirmed,,"{""supply"": {""SUP"": 2025, ""CKD"": 907}}",SUV-C,researched,
Suzuki,Baleno,Hatchback,Baseline,Passenger,2873,confirmed,,,Car HB-B,,
OPEL,Crossland,Crossover,Baseline,Passenger,2845,confirmed,,,SUV-B,researched,
KIA,Sorento,SUV,Baseline,Passenger,2821,confirmed,,"{""engine"": {""HYBRID"": 2095, ""ICE"": 726}, ""supply"": {""SUP"": 2427, ""CKD"": 394}}",SUV-D,researched,
Citroen,C-Elysee,Sedan,Baseline,Passenger,2781,confirmed,,,Car-B,,
Geely,GX3,Crossover,Baseline,Passenger,2779,confirmed,,,SUV-B,researched,
Renault,Sandero,Hatchback,Baseline,Passenger,2767,confirmed,,,Car HB-B,,
Toyota,Belta,Sedan,Baseline,Passenger,2760,confirmed,,,Car-B,,
Volkswagen,Passat,Sedan,Baseline,Passenger,2731,confirmed,,,Car-D,,
Skoda,Superb,Sedan,Baseline,Passenger,2692,confirmed,,,Car-D,,
Mitsubishi,Canter,Truck,Baseline,Commercial,2677,confirmed,,,Truck-L,,
Mercedes,GLE,SUV,Highline,Passenger,2655,confirmed,,"{""engine"": {""ICE"": 2654, ""HYBRID"": 1}, ""supply"": {""CKD"": 2653, ""SUP"": 2}} | highline size 'SUV-4' mapped to 'SUV' by assuming numeric 1-5 = letter A-E",SUV-4,researched,
Subaru,XV,Compact SUV,Baseline,Passenger,2617,confirmed,,,SUV-C,researched,
Mercedes,CLA,Sedan,Highline,Passenger,2595,confirmed,,,Car-3,,
OPEL,Mokka,Crossover,Baseline,Passenger,2556,confirmed,,,SUV-B,researched,
Jetour,X90 Plus,SUV,Baseline,Passenger,2548,confirmed,,,SUV-D,researched,
Renault,Taliant,Sedan,Baseline,Passenger,2537,confirmed,,,Car-B,,
Nissan,Juke,Crossover,Baseline,Passenger,2489,confirmed,,,SUV-B,researched,
BMW,3-Series,Sedan,Highline,Passenger,2468,confirmed,,,Car-3,,
Haval,Jolion,Compact SUV,Baseline,Passenger,2446,confirmed,,,SUV-C,researched,
Citroen,C4x,Sedan,Baseline,Passenger,2376,confirmed,,"{""supply"": {""SUP"": 1616, ""CKD"": 760}}",SUV-C,researched,"fastback sedan, not an SUV"
JAC,S2,Crossover,Baseline,Passenger,2352,confirmed,,,SUV-B,researched,
OPEL,Corsa,Hatchback,Baseline,Passenger,2348,confirmed,,,Car HB-B,,
Peugeot,508,Sedan,Baseline,Passenger,2279,confirmed,,,Car-D,,
Peugeot,408,Sedan,Baseline,Passenger,2279,confirmed,,,SUV-C,researched,"fastback sedan, not an SUV"
Renault,Austral,Compact SUV,Baseline,Passenger,2272,confirmed,,,SUV-C,researched,
Toyota,Rush,SUV,Baseline,Passenger,2271,confirmed,,,SUV-C,researched,"only 4,435mm but sold as a 7-seater in Egypt — 3-row rule applies"
JMC,150P,Pickup,Baseline,Commercial,2267,confirmed,,,Pickup-D,,
Mercedes,GLA,Crossover,Highline,Passenger,2262,confirmed,,highline size 'SUV-2' mapped to 'Crossover' by assuming numeric 1-5 = letter A-E,SUV-2,researched,"brand entry SUV, X1/Q3 rival but shorter at 4,417mm"
Soueast,S05,Crossover,Baseline,Passenger,2142,confirmed,,,SUV-B,researched,
Shineray,X30,Van,Baseline,Bus,2119,confirmed,,,Van-B,,
Chevrolet,N-Series,Truck,Baseline,Commercial,2117,confirmed,,,Truck-L,,
FORD,Focus,Sedan,Baseline,Passenger,2087,confirmed,,,Car-C,,
SEAT,Arona,Crossover,Baseline,Passenger,2062,confirmed,,,SUV-B,researched,
Mercedes,A-Class,Hatchback,Highline,Passenger,2024,confirmed,,,HB,,
SEAT,Tarraco,SUV,Baseline,Passenger,1992,confirmed,,,SUV-C,researched,
Zemex,Zemex,Van,Baseline,Bus,1969,confirmed,,,Van-D,,
Suzuki,Ertiga,MPV,Baseline,Passenger,1952,confirmed,,,MPV-B,,
Foton,View,Van,Baseline,Bus,1910,confirmed,,"{""supply"": {""SUP"": 1238, ""CKD"": 672}}",Van-D,,
JEEP,Renegade,Crossover,Baseline,Passenger,1906,confirmed,,,SUV-B,researched,
BMW,X1,Compact SUV,Highline,Passenger,1794,confirmed,,highline size 'SUV-2' mapped to 'Crossover' by assuming numeric 1-5 = letter A-E,SUV-2,researched,"4,500mm — same bucket as its direct rival Audi Q3"
Volkswagen,ID4,Compact SUV,Baseline,Passenger,1722,confirmed,,,SUV-C,researched,
JEEP,Grand Cherokee,SUV,Baseline,Passenger,1718,confirmed,,,SUV-D,researched,
Geely,Emegrand 7,Sedan,Baseline,Passenger,1717,confirmed,,"{""supply"": {""CKD"": 1712, ""SUP"": 5}}",Car-B,,
MG,MG7,Sedan,Baseline,Passenger,1710,confirmed,,,Car-D,,
Hyundai,Creta,Crossover,Baseline,Passenger,1701,confirmed,,,SUV-B,researched,
Renault,Kadjar,Compact SUV,Baseline,Passenger,1672,confirmed,,,SUV-C,researched,
Mercedes,Truck,Truck,Baseline,Commercial,1652,confirmed,,,Truck-M/H,,
Soueast,S07,SUV,Baseline,Passenger,1634,confirmed,,,SUV-C,researched,
Citroen,C4,Hatchback,Baseline,Passenger,1587,confirmed,,,SUV-C,researched,"C-segment hatchback, not an SUV"
BMW,5-Series,Sedan,Highline,Passenger,1579,confirmed,,"{""engine"": {""ICE"": 1574, ""HYBRID"": 5}}",Car-4,,
BYD,Song Plus,SUV,Baseline,Passenger,1570,confirmed,,,SUV-C,researched,"4,775mm — exceeds C-segment bands despite BYD calling it compact"
Chery,Tiggo8 Pro,SUV,Baseline,Passenger,1549,confirmed,,,SUV-C,researched,
Land Rover,Range Rover,SUV,Highline,Passenger,1544,confirmed,,"{""engine"": {""ICE"": 1539, ""HYBRID"": 5}} | highline size 'SUV-5' mapped to 'SUV' by assuming numeric 1-5 = letter A-E",SUV-5,researched,
Hyundai,Bayon,Crossover,Baseline,Passenger,1537,confirmed,,,SUV-B,researched,
King Long,5030XJH,Van,Baseline,Bus,1531,confirmed,,,Van-D,,
AUDI,A3,Sedan,Highline,Passenger,1529,confirmed,,,Car-2,,
Cubra,Terramar,Compact SUV,Baseline,Passenger,1519,confirmed,,,SUV-C,researched,
Land Rover,Velar,SUV,Highline,Passenger,1513,confirmed,,"{""engine"": {""ICE"": 1512, ""HYBRID"": 1}} | highline size 'SUV-4' mapped to 'SUV' by assuming numeric 1-5 = letter A-E",SUV-4,researched,
JAC,J7,Sedan,Baseline,Passenger,1473,confirmed,,,Car-C,,
Suzuki,Vitara,Crossover,Baseline,Passenger,1418,confirmed,,,SUV-C,researched,
Citroen,C3,Crossover,Baseline,Passenger,1404,confirmed,,,SUV-B,researched,
Mercedes,GLS,SUV,Highline,Passenger,1397,confirmed,,highline size 'SUV-5' mapped to 'SUV' by assuming numeric 1-5 = letter A-E,SUV-5,researched,
Jetour,X95,SUV,Baseline,Passenger,1374,confirmed,,"{""segment"": {""SUV-C"": 1167, ""SUV-D"": 207}}",SUV-C,user reviewed,
Honda,CR-V,Compact SUV,Baseline,Passenger,1370,confirmed,,,SUV-C,researched,"4,706mm, marginally over the band but the global C-segment benchmark"
AUDI,Q7,SUV,Highline,Passenger,1289,confirmed,,highline size 'SUV-5' mapped to 'SUV' by assuming numeric 1-5 = letter A-E,SUV-5,researched,
Jetour,T1,SUV,Baseline,Passenger,1273,confirmed,,,SUV-C,researched,
KIA,Seltos,Crossover,Baseline,Passenger,1272,confirmed,,,SUV-C,researched,
BAIC,X55,Compact SUV,Baseline,Passenger,1261,confirmed,,,SUV-C,researched,
Chery,Tiggo4,Crossover,Baseline,Passenger,1257,confirmed,,"{""supply"": {""CKD"": 1135, ""SUP"": 122}}",SUV-C,researched,
DS,DS7,Compact SUV,Baseline,Passenger,1232,confirmed,,,SUV-C,researched,
Volkswagen,T ROC,Crossover,Baseline,Passenger,1205,confirmed,,,SUV-B,researched,
Hyundai,i20,Hatchback,Baseline,Passenger,1180,confirmed,,,Car HB-B,,
Hyundai,Elantra (CN7),Sedan,Baseline,Passenger,1176,confirmed,,,Car-C,,
Changan,Alsvin,Sedan,Baseline,Passenger,1161,confirmed,,,Car-B,,
Toyota,Land Cruiser,SUV,Baseline,Passenger,1145,confirmed,,"{""segment"": {""SUV-E"": 817, ""Pickup-D"": 5}, ""car_type"": {""Passenger"": 817, ""Commercial"": 5}}",SUV-E,user reviewed,
GAC,Emzoom,Crossover,Baseline,Passenger,1130,confirmed,,,SUV-B,researched,
BYD,Song L,SUV,Baseline,Passenger,1060,confirmed,,,SUV-C,researched,
BMW,X5,SUV,Highline,Passenger,1037,confirmed,,"{""supply"": {""CKD"": 968, ""SUP"": 69}} | highline size 'SUV-4' mapped to 'SUV' by assuming numeric 1-5 = letter A-E",SUV-4,researched,
Renault,Kardian,Crossover,Baseline,Passenger,1032,confirmed,,"{""segment"": {""Car HB-B"": 880, ""SUV-B"": 152}}",Car HB-B,user reviewed,
GAC,Empow,Sedan,Baseline,Passenger,1030,confirmed,,,Car-C,,
FIAT,Doblo,Van,Baseline,Bus,1029,confirmed,,,Van-B,,
Soueast,S06,Compact SUV,Baseline,Passenger,1018,confirmed,,,SUV-C,researched,
Toyota,Urban Cruise,Crossover,Baseline,Passenger,997,confirmed,,,SUV-C,researched,
BAIC,BJ30e,SUV,Baseline,Passenger,992,confirmed,,,SUV-D,researched,
Honda,Accord,Sedan,Baseline,Passenger,974,confirmed,,,Car-D,,
Geely,Okavango,SUV,Baseline,Passenger,970,confirmed,,,SUV-D,researched,
KYC,V3,Van,Baseline,Bus,958,confirmed,,,Van-B,,
Skoda,Karoq,Compact SUV,Baseline,Passenger,955,confirmed,,,SUV-C,researched,"4,390mm but C-segment MQB platform"
Volvo,XC40,Compact SUV,Baseline,Passenger,951,confirmed,,,SUV-C,researched,
Changan,CS55,Compact SUV,Baseline,Passenger,941,confirmed,,"{""supply"": {""CKD"": 501, ""SUP"": 440}}",SUV-C,researched,
Mercedes,4048,Truck,Baseline,Commercial,932,confirmed,,,Truck-M/H,,
BMW,X6,SUV,Highline,Passenger,926,confirmed,,"{""supply"": {""CKD"": 904, ""SUP"": 22}} | highline size 'SUV-4' mapped to 'SUV' by assuming numeric 1-5 = letter A-E",SUV-4,researched,
Cubra,Formentor,Compact SUV,Baseline,Passenger,917,confirmed,,,SUV-C,researched,
Abaza,Construction,Construction,Baseline,Construction,917,confirmed,,,Construction,,
Volkswagen,ID6,SUV,Baseline,Passenger,899,confirmed,,,SUV-D,researched,
KGM,Tivoli,Crossover,Baseline,Passenger,891,confirmed,,,SUV-C,researched,
BMW,X3,SUV,Highline,Passenger,883,confirmed,,highline size 'SUV-3' mapped to 'Compact SUV' by assuming numeric 1-5 = letter A-E,SUV-3,researched,"4,755mm / 2,865mm WB — D-segment by size despite ""compact luxury"" marketing"
Suzuki,Alto,Hatchback,Baseline,Passenger,872,confirmed,,,Car HB-A,,
Nissan,X-Trail,SUV,Baseline,Passenger,867,confirmed,,"{""engine"": {""REEV"": 523, ""HYBRID"": 342, ""ICE"": 2}}",SUV-C,researched,Egypt gets the 7-seat T33
Porche,Macan,SUV,Highline,Passenger,865,confirmed,,highline size 'SUV-3' mapped to 'Compact SUV' by assuming numeric 1-5 = letter A-E,SUV-3,researched,
BAIC,X3,Crossover,Baseline,Passenger,821,confirmed,,,SUV-B,researched,
Changan,CS15,Crossover,Baseline,Passenger,819,confirmed,,,SUV-B,researched,
Porche,Cayenne,SUV,Highline,Passenger,817,confirmed,,highline size 'SUV-4' mapped to 'SUV' by assuming numeric 1-5 = letter A-E,SUV-4,researched,
Volvo,XC60,SUV,Baseline,Passenger,810,confirmed,,,SUV-C,researched,
Mercedes,S-Class,Sedan,Highline,Passenger,810,confirmed,,,Car-5,,
OPEL,Astra,Sedan,Baseline,Passenger,808,confirmed,,,Car-C,,
Brilliance,Jinbie,Van,Baseline,Bus,804,confirmed,,,Van-D,,
JAC,J4,Sedan,Baseline,Passenger,761,confirmed,,,Car-B,,
Honda,ZR-V,Compact SUV,Baseline,Passenger,745,confirmed,,"{""segment"": {""SUV-C"": 695, ""SUV-D"": 50}}",SUV-C,researched,
Changan,Eado,Sedan,Baseline,Passenger,733,confirmed,,,Car-C,,
Honda,Civic,Sedan,Baseline,Passenger,732,confirmed,,,Car-C,,
AUDI,A5,Sedan,Highline,Passenger,724,confirmed,,,Car-4,,
MG,GT,Sedan,Baseline,Passenger,715,confirmed,,,Car-C,,
BYD,L3,Sedan,Baseline,Passenger,699,confirmed,,,Car-C,,
Isuzu,N-Series,Truck,Baseline,Commercial,697,confirmed,,,Truck-L,,
Toyota,C-HR,Crossover,Baseline,Passenger,693,confirmed,,,SUV-B,researched,
JAC,J3,Sedan,Baseline,Passenger,691,confirmed,,,Car-B,,
KIA,Carens,MPV,Baseline,Passenger,667,confirmed,,,MPV-C,,
Land Rover,Evoque,Crossover,Highline,Passenger,662,confirmed,,highline size 'SUV-3' mapped to 'Compact SUV' by assuming numeric 1-5 = letter A-E,SUV-3,researched,
Mercedes,EQE,Sedan,Highline,Passenger,655,confirmed,,,Car-4,,
BAIC,X7,SUV,Baseline,Passenger,652,confirmed,,,SUV-C,researched,
Volvo,XC90,SUV,Baseline,Passenger,651,confirmed,,,SUV-D,researched,
Volkswagen,Golf,Hatchback,Baseline,Passenger,645,confirmed,,,Car HB-C,,
ROX,1,SUV,Baseline,Passenger,643,confirmed,,,SUV-D,researched,
Mitsubishi,Attrage,Sedan,Baseline,Passenger,620,confirmed,,,Car-B,,
BMW,X4,SUV,Highline,Passenger,620,confirmed,,"{""supply"": {""CKD"": 603, ""SUP"": 17}} | highline size 'SUV-3' mapped to 'Compact SUV' by assuming numeric 1-5 = letter A-E",SUV-3,researched,
Mercedes,Sprinter,Van,Baseline,Bus,616,confirmed,,,Van-E,,
Mitsubishi,Outlander,SUV,Baseline,Passenger,614,confirmed,,,SUV-C,researched,
Skoda,Kamiq,Crossover,Baseline,Passenger,610,confirmed,,,SUV-C,researched,
Toyota,Coaster,Minibus,Baseline,Bus,610,confirmed,,,Mid-Bus,,
JAC,S3,Crossover,Baseline,Passenger,588,confirmed,,"{""engine"": {""ICE"": 579, ""BEV"": 9}}",SUV-B,researched,
Mercedes,EQA,Crossover,Highline,Passenger,575,confirmed,,highline size 'SUV-2' mapped to 'Crossover' by assuming numeric 1-5 = letter A-E,SUV-2,researched,
Chevrolet,Mini Bus,Minibus,Baseline,Bus,569,confirmed,,,Mid-Bus,,
Chevrolet,QMR,Truck,Baseline,Commercial,569,confirmed,,,Truck-L,,
Soueast,S09,SUV,Baseline,Passenger,569,confirmed,,,SUV-D,researched,
Volkswagen,Tayron,SUV,Baseline,Passenger,567,confirmed,,,SUV-D,researched,
Chery,Tiggo8 Pro Max,SUV,Baseline,Passenger,560,confirmed,,,SUV-C,researched,
Suzuki,Celerio,Hatchback,Baseline,Passenger,536,confirmed,,,Car HB-A,,
DFSK,Eagle,SUV,Baseline,Passenger,514,confirmed,,,SUV-C,researched,
AUDI,Q2,Crossover,Highline,Passenger,512,confirmed,,highline size 'SUV-2' mapped to 'Crossover' by assuming numeric 1-5 = letter A-E,SUV-2,researched,
Changan,CS35,Crossover,Baseline,Passenger,504,confirmed,,,SUV-C,researched,
AUDI,Q8,SUV,Highline,Passenger,501,confirmed,,highline size 'SUV-5' mapped to 'SUV' by assuming numeric 1-5 = letter A-E,SUV-5,researched,
Kaiyi,X3,Crossover,Baseline,Passenger,498,confirmed,,,SUV-B,researched,
AUDI,A4,Sedan,Highline,Passenger,483,confirmed,,,Car-3,,
KIA,Carnival,MPV,Baseline,Passenger,464,confirmed,,,MPV-D,,
Forthing,T5 Evo,Compact SUV,Baseline,Passenger,460,confirmed,,,SUV-C,researched,
Mini Coper,Countryman,Hatchback,Highline,Passenger,460,confirmed,,"{""engine"": {""ICE"": 458, ""BEV"": 2}}",HB,,
BMW,IX3,SUV,Highline,Passenger,457,confirmed,,highline size 'SUV-3' mapped to 'Compact SUV' by assuming numeric 1-5 = letter A-E,SUV-3,researched,mechanically an X3
Changan,CS35 Plus,Crossover,Baseline,Passenger,448,confirmed,,,SUV-C,researched,
Mercedes,V-Class,Van,Baseline,Bus,444,confirmed,,"{""segment"": {""Van-D"": 440, ""Van-E"": 4}}",Van-D,,
Chevrolet,QKR,Truck,Baseline,Commercial,429,confirmed,,,Truck-L,,
Changan,UNI-T,Compact SUV,Baseline,Passenger,425,confirmed,,,SUV-C,researched,
BMW,2-Series,Sedan,Highline,Passenger,414,confirmed,,,Car-2,,
Mercedes,GT,Sports car,Highline,Passenger,412,confirmed,,,Sport,,
BYD,Seagull,Hatchback,Baseline,Passenger,403,confirmed,,,Car HB-B,,
Zeekr,7,Sedan,Baseline,Passenger,399,confirmed,,,Car-D,,
Mercedes,MCV450,Bus,Baseline,Bus,391,confirmed,,,Large Bus,,
FIAT,Fiorino,Van,Baseline,Bus,383,confirmed,,,Van-B,,
King Long,ki8,Van,Baseline,Bus,380,confirmed,,,Van-B,,
DFSK,K07S,Van,Baseline,Bus,368,confirmed,,,Van-B,,
Honda,City,Sedan,Baseline,Passenger,368,confirmed,,,Car-B,,
Exeed,RX,SUV,Baseline,Passenger,359,confirmed,,"{""supply"": {""CKD"": 358, ""SUP"": 1}}",SUV-D,researched,
FORD,Ecosport,Crossover,Baseline,Passenger,356,confirmed,,,SUV-B,researched,
JMC,NKR,Truck,Baseline,Commercial,347,confirmed,,,Truck-L,,
Mitsubishi,Mirage,Hatchback,Baseline,Passenger,345,confirmed,,,Car HB-C,,
Yutong,Bus,Bus,Baseline,Bus,344,confirmed,,"{""segment"": {""Large Bus"": 341, ""Van-E"": 3}, ""supply"": {""CKD"": 180, ""SUP"": 164}}",Large Bus,,
Toyota,Veloz,MPV,Baseline,Passenger,342,confirmed,,"{""segment"": {""MPV-C"": 341, ""SUV-C"": 1}}",MPV-C,,
Mercedes,B-Class,Hatchback,Highline,Passenger,340,confirmed,,,HB,,
Nissan,Navara,Pickup,Baseline,Commercial,338,confirmed,,,Pickup-D,,
BMW,4-Series,Sedan,Highline,Passenger,332,confirmed,,,Car-3,,
Toyota,Yaris,Hatchback,Baseline,Passenger,329,confirmed,,,Car HB-B,,
Geely,Starray,Compact SUV,Baseline,Passenger,321,confirmed,,,SUV-C,researched,
GMC,Acadia,SUV,Highline,Passenger,320,confirmed,,highline size 'SUV-5' mapped to 'SUV' by assuming numeric 1-5 = letter A-E,SUV-5,researched,
BMW,X2,Compact SUV,Highline,Passenger,316,confirmed,,highline size 'SUV-2' mapped to 'Crossover' by assuming numeric 1-5 = letter A-E,SUV-2,researched,
KIA,K4,Sedan,Baseline,Passenger,313,confirmed,,,Car-C,,
KIA,Picanto,Hatchback,Baseline,Passenger,312,confirmed,,,Car HB-A,,
Avatr,12,Sedan,Highline,Passenger,311,confirmed,,"{""segment"": {""Car-4"": 310, ""Car-3"": 1}}",Car-4,,
BMW,i3,Sedan,Highline,Passenger,309,confirmed,,,Car-3,,
Isuzu,NPR,Truck,Baseline,Commercial,304,confirmed,,,Truck-L,,
Joylong,Van,Van,Baseline,Bus,301,confirmed,,,Van-D,,
Alfa Romeo,Giulia,Sedan,Highline,Passenger,301,confirmed,,,Car-3,,
FIAT,Ducato,Van,Baseline,Bus,299,confirmed,,,Van-E,,
Alfa Romeo,Tonale,Compact SUV,Highline,Passenger,295,confirmed,,highline size 'SUV-2' mapped to 'Crossover' by assuming numeric 1-5 = letter A-E,SUV-2,researched,
MG,MG4 EV,Hatchback,Baseline,Passenger,294,confirmed,,,Car HB-B,,
Jaguar,F-PACE,SUV,Highline,Passenger,292,confirmed,,highline size 'SUV-4' mapped to 'SUV' by assuming numeric 1-5 = letter A-E,SUV-4,researched,
Hyundai,H350,Van,Baseline,Bus,287,confirmed,,,Van-E,,
BYD,Tang L,SUV,Highline,Passenger,278,confirmed,,highline size 'SUV-4' mapped to 'SUV' by assuming numeric 1-5 = letter A-E,SUV-4,researched,
JAC,S4,Crossover,Baseline,Passenger,271,confirmed,,,SUV-B,researched,
DS,DS4,Hatchback,Baseline,Passenger,271,confirmed,,,SUV-C,researched,"premium C-segment hatchback, not an SUV"
Mercedes,CLE,Sedan,Highline,Passenger,270,confirmed,,,Car-4,,
BMW,X7,SUV,Highline,Passenger,265,confirmed,,"{""supply"": {""CKD"": 237, ""SUP"": 28}} | highline size 'SUV-5' mapped to 'SUV' by assuming numeric 1-5 = letter A-E",SUV-5,researched,
Mini Coper,Coper,Hatchback,Highline,Passenger,260,confirmed,,,HB,,
Soueast,V3,Sedan,Baseline,Passenger,257,confirmed,,,Car-B,,
Hyundai,i30,Hatchback,Baseline,Passenger,256,confirmed,,,Car HB-C,,
Mercedes,EQB,SUV,Highline,Passenger,252,confirmed,,highline size 'SUV-3' mapped to 'Compact SUV' by assuming numeric 1-5 = letter A-E,SUV-3,researched,
Bestune,T55,Compact SUV,Baseline,Passenger,251,confirmed,,,SUV-C,researched,
Hyundai,Santafe,SUV,Baseline,Passenger,250,confirmed,,,SUV-D,researched,
GAC,Emkoo,Compact SUV,Baseline,Passenger,248,confirmed,,,SUV-C,researched,
Deepal,S05,Compact SUV,Baseline,Passenger,246,confirmed,,,SUV-C,researched,
Zeekr,1,Hatchback,Baseline,Passenger,245,confirmed,,,SUV-C,researched,"electric shooting brake / estate, not an SUV"
Chevrolet,Lacete,Sedan,Baseline,Passenger,243,confirmed,,,Car-B,,
Soueast,DX8S,SUV,Baseline,Passenger,243,confirmed,,,SUV-C,researched,
Alfa Romeo,Stelvio,SUV,Highline,Passenger,242,confirmed,,highline size 'SUV-3' mapped to 'Compact SUV' by assuming numeric 1-5 = letter A-E,SUV-3,researched,
Mitsubishi,Pajero,SUV,Baseline,Passenger,241,confirmed,,,SUV-D,researched,
Xpeng,G9,SUV,Highline,Passenger,238,confirmed,,highline size 'SUV-4' mapped to 'SUV' by assuming numeric 1-5 = letter A-E,SUV-4,researched,
Renault,Dokker,Van,Baseline,Bus,232,confirmed,,,Van-B,,
Volvo,FM-Series,Truck,Baseline,Commercial,231,confirmed,,,Truck-M/H,,
Suzuki,Fronx,Crossover,Baseline,Passenger,231,needs_review,agent-to-propose,,SUV-B,awaiting agent proposal,
Toyota,Rumion,MPV,Baseline,Passenger,229,confirmed,,,MPV-B,,
JAC,HF-Series,Truck,Baseline,Commercial,226,confirmed,,"{""segment"": {""Truck-L"": 220, ""Truck-F"": 6}}",Truck-L,,
GAC,GS4 MAX,Compact SUV,Baseline,Passenger,226,needs_review,agent-to-propose,,SUV-C,awaiting agent proposal,
Haval,H7,Compact SUV,Baseline,Passenger,224,needs_review,agent-to-propose,,SUV-C,awaiting agent proposal,
Honda,HR-V,Crossover,Baseline,Passenger,223,needs_review,agent-to-propose,"{""segment"": {""SUV-B"": 222, ""SUV-C"": 1}}",SUV-B,awaiting agent proposal,
Mercedes,MCV600,Bus,Baseline,Bus,222,confirmed,,,Large Bus,,
Skania,P-Series,Truck,Baseline,Commercial,221,confirmed,,,Truck-M/H,,
Brilliance,V6,Crossover,Baseline,Passenger,220,needs_review,agent-to-propose,"{""segment"": {""SUV-B"": 144, ""SUV-C"": 76}}",SUV-B,awaiting agent proposal,
Renault,Kangoo,Van,Baseline,Bus,220,confirmed,,,Van-B,,
Mercedes,EQS,Sedan,Highline,Passenger,220,confirmed,,"{""segment"": {""Car-5"": 214, ""SUV-5"": 6}}",Car-5,,
Brilliance,H530,Sedan,Baseline,Passenger,218,confirmed,,,Car-C,,
Dongfeng,Huge,SUV,Baseline,Passenger,213,needs_review,agent-to-propose,,SUV-D,awaiting agent proposal,
GWM,Wingle5,Pickup,Baseline,Commercial,212,confirmed,,,Pickup-D,,
Kaiyi,X7,Compact SUV,Baseline,Passenger,211,needs_review,agent-to-propose,,SUV-C,awaiting agent proposal,
Dongfeng,Aeolos,Sedan,Baseline,Passenger,205,confirmed,,,Car-B,,
Changan,Eado Plus,Sedan,Baseline,Passenger,200,confirmed,,,Car-C,,
BYD,Yuan Plus,Crossover,Baseline,Passenger,199,needs_review,agent-to-propose,,SUV-B,awaiting agent proposal,
Volkswagen,Tourag,SUV,Baseline,Passenger,195,needs_review,agent-to-propose,,SUV-D,awaiting agent proposal,
Skoda,Scala,Hatchback,Baseline,Passenger,193,confirmed,,,Car HB-C,,
Shacman,Shacman,Truck,Baseline,Commercial,192,confirmed,,,Truck-M/H,,
DFSK,C31,Pickup,Baseline,Commercial,189,confirmed,,,Pickup-B,,
Mitsubishi,L 200,Pickup,Baseline,Commercial,189,confirmed,,,Pickup-D,,
Geely,Cityray,Compact SUV,Baseline,Passenger,189,needs_review,agent-to-propose,,SUV-C,awaiting agent proposal,
Changan,Uni-V,Sedan,Baseline,Passenger,188,confirmed,,,Car-C,,
Lynk &amp; Co,6,Crossover,Baseline,Passenger,188,needs_review,agent-to-propose,,SUV-B,awaiting agent proposal,
Sandstorm,Sandstorm,Pickup,Baseline,Commercial,186,confirmed,,,Pickup-D,,
GMC,Terrain,SUV,Highline,Passenger,185,needs_review,agent-to-propose,highline size 'SUV-4' mapped to 'SUV' by assuming numeric 1-5 = letter A-E,SUV-4,awaiting agent proposal,
Toyota,Prado,SUV,Baseline,Passenger,184,needs_review,agent-to-propose,,SUV-D,awaiting agent proposal,
Mercedes,E-Class e,Sedan,Highline,Passenger,184,confirmed,,,Car-4,,
Bagage,QUTE,Hatchback,Baseline,Passenger,184,confirmed,,,Car HB-A,,
DFSK,E5,Compact SUV,Baseline,Passenger,179,needs_review,agent-to-propose,"{""engine"": {""HYBRID"": 176, ""REEV"": 3}}",SUV-C,awaiting agent proposal,
Subaru,Crosstrek,Compact SUV,Baseline,Passenger,178,needs_review,agent-to-propose,,SUV-C,awaiting agent proposal,
Hamco,epd25,Pickup,Baseline,Commercial,176,confirmed,,,Pickup-D,,
Hyundai,i10,Hatchback,Baseline,Passenger,175,confirmed,,,Car HB-A,,
VGV,U70 PRO,Compact SUV,Baseline,Passenger,175,needs_review,agent-to-propose,,SUV-C,awaiting agent proposal,
JAC,S1,Hatchback,Baseline,Passenger,173,confirmed,,,Car HB-B,,
Foton,Gratour,Van,Baseline,Bus,166,confirmed,,,Van-B,,
Deepal,G318,SUV,Highline,Passenger,165,needs_review,agent-to-propose,"{""engine"": {""BEV"": 84, ""REEV"": 81}} | highline size 'SUV-4' mapped to 'SUV' by assuming numeric 1-5 = letter A-E",SUV-4,awaiting agent proposal,
BAIC,BJ30,SUV,Baseline,Passenger,164,needs_review,agent-to-propose,"{""segment"": {""SUV-D"": 155, ""SUV-C"": 9}}",SUV-D,awaiting agent proposal,
BMW,7-Series,Sedan,Highline,Passenger,163,confirmed,,,Car-5,,
KIA,Sonet,Crossover,Baseline,Passenger,160,needs_review,agent-to-propose,,SUV-B,awaiting agent proposal,
Mercedes,Sprinter 415,Pickup,Baseline,Commercial,159,confirmed,,,Pickup-B,,
Changhe,M50S,MPV,Baseline,Passenger,157,confirmed,,,MPV-B,,
Hyundai,HD-Series,Truck,Baseline,Commercial,157,confirmed,,,Truck-M/H,,
Tesla,Model Y,Compact SUV,Highline,Passenger,157,needs_review,agent-to-propose,highline size 'SUV-3' mapped to 'Compact SUV' by assuming numeric 1-5 = letter A-E,SUV-3,awaiting agent proposal,
LEVC,TX Taxi,MPV,Baseline,Passenger,156,confirmed,,,MPV-C,,
Dongfeng,Aeolus,Sedan,Baseline,Passenger,155,confirmed,,,Car-B,,
BYD,Sealion 6,Compact SUV,Baseline,Passenger,155,needs_review,agent-to-propose,,SUV-C,awaiting agent proposal,
Bestune,B70,Sedan,Baseline,Passenger,154,confirmed,,,Car-C,,
AUDI,A6,Sedan,Highline,Passenger,153,confirmed,,,Car-4,,
Honda,E-NP1,Compact SUV,Baseline,Passenger,152,needs_review,agent-to-propose,,SUV-C,awaiting agent proposal,
Changan,New Star,Van,Baseline,Bus,150,confirmed,,,Van-B,,
TATA,Xenon,Pickup,Baseline,Commercial,150,confirmed,,,Pickup-D,,
KGM,Actyon,Compact SUV,Baseline,Passenger,150,needs_review,agent-to-propose,,SUV-C,awaiting agent proposal,
Joylong,Joylong,Van,Baseline,Bus,148,confirmed,,,Van-D,,
Mercedes,4141,Truck,Baseline,Commercial,147,confirmed,,,Truck-M/H,,
Xpeng,G6,Compact SUV,Highline,Passenger,146,needs_review,agent-to-propose,highline size 'SUV-3' mapped to 'Compact SUV' by assuming numeric 1-5 = letter A-E,SUV-3,awaiting agent proposal,
KYC,X3,Crossover,Baseline,Passenger,145,needs_review,agent-to-propose,"{""segment"": {""SUV-B"": 144, ""Pickup-B"": 1}, ""car_type"": {""Passenger"": 144, ""Commercial"": 1}}",SUV-B,awaiting agent proposal,
Mitsubishi,Fuzo,Truck,Baseline,Commercial,145,confirmed,,,Truck-M/H,,
Mercedes,G-Class,SUV,Highline,Passenger,144,needs_review,agent-to-propose,highline size 'SUV-5' mapped to 'SUV' by assuming numeric 1-5 = letter A-E,SUV-5,awaiting agent proposal,
Subaru,Impreza,Sedan,Baseline,Passenger,141,confirmed,,,Car-C,,
Mercedes,Atego,Truck,Baseline,Commercial,141,confirmed,,,Truck-M/H,,
Suzuki,Jimny,Crossover,Baseline,Passenger,138,needs_review,agent-to-propose,,SUV-B,awaiting agent proposal,
Bentley,Bentli,Sports car,Highline,Passenger,137,confirmed,,,Sport,,
MG,G50 Plus,MPV,Baseline,Passenger,137,confirmed,,,MPV-C,,
Tesla,Null,Sports car,Highline,Passenger,135,confirmed,,,Sport,,
Mercedes,MCV500,Bus,Baseline,Bus,133,confirmed,,,Large Bus,,
Chevrolet,Equinox,Compact SUV,Baseline,Passenger,133,needs_review,agent-to-propose,,SUV-C,awaiting agent proposal,
King Long,KL8,Van,Baseline,Bus,133,confirmed,,,Van-B,,
Dongfeng,Box,Hatchback,Baseline,Passenger,133,confirmed,,,Car HB-B,,
BYD,Yuan,Crossover,Baseline,Passenger,130,needs_review,agent-to-propose,,SUV-B,awaiting agent proposal,
AUDI,Q4,Compact SUV,Highline,Passenger,130,needs_review,agent-to-propose,"{""engine"": {""ICE"": 128, ""BEV"": 2}} | highline size 'SUV-3' mapped to 'Compact SUV' by assuming numeric 1-5 = letter A-E",SUV-3,awaiting agent proposal,
Volvo,EX30,Crossover,Baseline,Passenger,128,needs_review,agent-to-propose,,SUV-B,awaiting agent proposal,
GAC,GS4,Compact SUV,Baseline,Passenger,126,needs_review,agent-to-propose,,SUV-C,awaiting agent proposal,
Mazda,CX3,Crossover,Baseline,Passenger,125,needs_review,agent-to-propose,"{""segment"": {""SUV-B"": 124, ""SUV-C"": 1}}",SUV-B,awaiting agent proposal,
GB,Bus,Bus,Baseline,Bus,124,confirmed,,,Large Bus,,
KIA,Soul,Crossover,Baseline,Passenger,123,needs_review,agent-to-propose,"{""segment"": {""SUV-B"": 121, ""MPV-B"": 2}}",SUV-B,awaiting agent proposal,
Victory,V1,Van,Baseline,Bus,123,confirmed,,,Van-B,,
GMC,Jimmy,SUV,Highline,Passenger,122,needs_review,agent-to-propose,highline size 'SUV-4' mapped to 'SUV' by assuming numeric 1-5 = letter A-E,SUV-4,awaiting agent proposal,
Mercedes,4040,Truck,Baseline,Commercial,121,confirmed,,,Truck-M/H,,
FORD,Fusion,Sedan,Baseline,Passenger,121,confirmed,,,Car-D,,
MCV,MCV,Bus,Baseline,Bus,121,confirmed,,,Large Bus,,
Bestune,T77,Compact SUV,Baseline,Passenger,121,needs_review,agent-to-propose,,SUV-C,awaiting agent proposal,
Chevrolet,Spark,Hatchback,Baseline,Passenger,121,confirmed,,,Car HB-B,,
Avatr,11,Compact SUV,Highline,Passenger,120,needs_review,agent-to-propose,highline size 'SUV-3' mapped to 'Compact SUV' by assuming numeric 1-5 = letter A-E,SUV-3,awaiting agent proposal,
BMW,1-Series,Hatchback,Highline,Passenger,118,confirmed,,,HB,,
Avatr,7,Compact SUV,Highline,Passenger,118,needs_review,agent-to-propose,highline size 'SUV-3' mapped to 'Compact SUV' by assuming numeric 1-5 = letter A-E,SUV-3,awaiting agent proposal,
BMW,iX1,SUV,Highline,Passenger,117,needs_review,agent-to-propose,highline size 'SUV-4' mapped to 'SUV' by assuming numeric 1-5 = letter A-E,SUV-4,awaiting agent proposal,
Mercedes,EQS SUV,SUV,Highline,Passenger,116,needs_review,agent-to-propose,highline size 'SUV-5' mapped to 'SUV' by assuming numeric 1-5 = letter A-E,SUV-5,awaiting agent proposal,
Mercedes,MCV240,Bus,Baseline,Bus,115,confirmed,,,Large Bus,,
Xpeng,M03,Sedan,Highline,Passenger,115,confirmed,,,Car-3,,
Mitsubishi,Lancer,Sedan,Baseline,Passenger,113,confirmed,,,Car-C,,
GMC,Envoy,SUV,Highline,Passenger,112,needs_review,agent-to-propose,highline size 'SUV-4' mapped to 'SUV' by assuming numeric 1-5 = letter A-E,SUV-4,awaiting agent proposal,
Denza,B5,SUV,Highline,Passenger,112,needs_review,agent-to-propose,highline size 'SUV-4' mapped to 'SUV' by assuming numeric 1-5 = letter A-E,SUV-4,awaiting agent proposal,
Renault,K-Series,Truck,Baseline,Commercial,111,confirmed,,,Truck-M/H,,
Mercedes,AMG G63,SUV,Highline,Passenger,111,needs_review,agent-to-propose,highline size 'SUV-4' mapped to 'SUV' by assuming numeric 1-5 = letter A-E,SUV-4,awaiting agent proposal,
Porche,Taycan,Sedan,Highline,Passenger,109,confirmed,,,Car-4,,
Deepal,S07,Compact SUV,Baseline,Passenger,109,needs_review,agent-to-propose,,SUV-C,awaiting agent proposal,
King Long,XMQ5030,Van,Baseline,Bus,108,confirmed,,,Van-D,,
Mercedes,GLC E,Compact SUV,Highline,Passenger,108,needs_review,agent-to-propose,highline size 'SUV-3' mapped to 'Compact SUV' by assuming numeric 1-5 = letter A-E,SUV-3,awaiting agent proposal,
Mazarati,Grecale,Compact SUV,Highline,Passenger,108,needs_review,agent-to-propose,highline size 'SUV-3' mapped to 'Compact SUV' by assuming numeric 1-5 = letter A-E,SUV-3,awaiting agent proposal,
Mercedes,EQE SUV,SUV,Highline,Passenger,107,needs_review,agent-to-propose,highline size 'SUV-4' mapped to 'SUV' by assuming numeric 1-5 = letter A-E,SUV-4,awaiting agent proposal,
KIA,K3,Sedan,Baseline,Passenger,107,confirmed,,,Car-C,,
Cadillac,Escalade,SUV,Highline,Passenger,105,needs_review,agent-to-propose,highline size 'SUV-5' mapped to 'SUV' by assuming numeric 1-5 = letter A-E,SUV-5,awaiting agent proposal,
JAC,JS8,Compact SUV,Baseline,Passenger,104,needs_review,agent-to-propose,,SUV-C,awaiting agent proposal,
Mini Coper,S,Hatchback,Highline,Passenger,103,confirmed,,,HB,,
Exeed,VX,SUV,Baseline,Passenger,102,needs_review,agent-to-propose,"{""supply"": {""CKD"": 99, ""SUP"": 3}}",SUV-D,awaiting agent proposal,
Land Rover,Defender,SUV,Highline,Passenger,101,needs_review,agent-to-propose,"{""engine"": {""ICE"": 87, ""HYBRID"": 14}} | highline size 'SUV-4' mapped to 'SUV' by assuming numeric 1-5 = letter A-E",SUV-4,awaiting agent proposal,
MCV,c120 ev,Bus,Baseline,Bus,100,confirmed,,,Large Bus,,
Mercedes,GLB,Compact SUV,Highline,Passenger,98,needs_review,agent-to-propose,"{""segment"": {""SUV-3"": 97, ""SUV-4"": 1}} | highline size 'SUV-3' mapped to 'Compact SUV' by assuming numeric 1-5 = letter A-E",SUV-3,awaiting agent proposal,
Mercedes,3348,Truck,Baseline,Commercial,97,confirmed,,,Truck-M/H,,
Iveco,Truck,Truck,Baseline,Commercial,97,confirmed,,,Truck-M/H,,
Volvo,B 11R,Van,Baseline,Bus,96,confirmed,,,Van-E,,
KIA,EV5,SUV,Baseline,Passenger,96,needs_review,agent-to-propose,,SUV-D,awaiting agent proposal,
Tesla,Model 3,Sedan,Highline,Passenger,96,confirmed,,,Car-3,,
IM,LS7,SUV,Highline,Passenger,95,needs_review,agent-to-propose,"{""segment"": {""SUV-4"": 94, ""SUV-5"": 1}} | highline size 'SUV-4' mapped to 'SUV' by assuming numeric 1-5 = letter A-E",SUV-4,awaiting agent proposal,
Toyota,BZ3X,Compact SUV,Baseline,Passenger,94,needs_review,agent-to-propose,,SUV-C,awaiting agent proposal,
Foton,BX,Truck,Baseline,Commercial,93,confirmed,,"{""car_type"": {""Commercial"": 92, ""Bus"": 1}}",Truck-L,,
Mercedes,MCV260,Bus,Baseline,Bus,92,confirmed,,,Large Bus,,
Hyundai,Staria,Van,Baseline,Bus,92,confirmed,,,Van-D,,
BMW,i5,Sedan,Highline,Passenger,90,confirmed,,,Car-4,,
FIAT,500,Hatchback,Baseline,Passenger,89,confirmed,,"{""engine"": {""ICE"": 88, ""BEV"": 1}}",Car HB-A,,
Nissan,Urvan,Van,Baseline,Bus,89,confirmed,,,Van-D,,
Nissan,Patrol,SUV,Baseline,Passenger,88,needs_review,agent-to-propose,,SUV-E,awaiting agent proposal,
Chevrolet,GMC,SUV,Baseline,Passenger,85,needs_review,agent-to-propose,,SUV-E,awaiting agent proposal,
Nissan,Kicks,Crossover,Baseline,Passenger,85,needs_review,agent-to-propose,,SUV-B,awaiting agent proposal,
Volvo,B 8R,Van,Baseline,Bus,85,confirmed,,,Van-E,,
BAIC,X5,Compact SUV,Baseline,Passenger,85,needs_review,agent-to-propose,,SUV-C,awaiting agent proposal,
DFSK,E5 Plus,Compact SUV,Baseline,Passenger,84,needs_review,agent-to-propose,"{""engine"": {""HYBRID"": 80, ""REEV"": 4}}",SUV-C,awaiting agent proposal,
Great Auto,Z4,Van,Baseline,Bus,83,confirmed,,,Van-D,,
Chery,Tiggo9 Pro,SUV,Baseline,Passenger,83,needs_review,agent-to-propose,,SUV-D,awaiting agent proposal,
BYD,BYD,Sedan,Baseline,Passenger,82,confirmed,,"{""segment"": {""Car-C"": 81, ""Car-D"": 1}, ""engine"": {""BEV"": 81, ""HYBRID"": 1}}",Car-C,,
Mercedes,MCV400,Bus,Baseline,Bus,80,confirmed,,,Large Bus,,
Dongfeng,Venucia,Compact SUV,Baseline,Passenger,80,needs_review,agent-to-propose,,SUV-C,awaiting agent proposal,
Porche,Boxter,Sports car,Highline,Passenger,80,confirmed,,,Sport,,
JEEP,Compass,SUV,Baseline,Passenger,79,needs_review,agent-to-propose,,SUV-D,awaiting agent proposal,
Chery,Chery,Compact SUV,Baseline,Passenger,78,needs_review,agent-to-propose,,SUV-C,awaiting agent proposal,
KIA,Rio,Sedan,Baseline,Passenger,76,confirmed,,,Car-B,,
BMW,iX,SUV,Highline,Passenger,76,needs_review,agent-to-propose,highline size 'SUV-4' mapped to 'SUV' by assuming numeric 1-5 = letter A-E,SUV-4,awaiting agent proposal,
Mercedes,CLK,Sedan,Highline,Passenger,76,confirmed,,,Car-3,,
Land Rover,Vogue,SUV,Highline,Passenger,76,needs_review,agent-to-propose,highline size 'SUV-5' mapped to 'SUV' by assuming numeric 1-5 = letter A-E,SUV-5,awaiting agent proposal,
Dayun,CGC4250,Truck,Baseline,Commercial,76,confirmed,,,Truck-M/H,,
Soueast,DX3,Crossover,Baseline,Passenger,74,needs_review,agent-to-propose,,SUV-B,awaiting agent proposal,
Zeekr,X,Compact SUV,Baseline,Passenger,74,needs_review,agent-to-propose,,SUV-C,awaiting agent proposal,
Dongfeng,Mage,Sedan,Baseline,Passenger,74,confirmed,,,Car-B,,
BAIC,M60,MPV,Baseline,Passenger,72,confirmed,,,MPV-B,,
Mitsubishi,FP517,Truck,Baseline,Commercial,72,confirmed,,,Truck-M/H,,
Volvo,FH-Series,Truck,Baseline,Commercial,71,confirmed,,,Truck-M/H,,
DFSK,K01S,Pickup,Baseline,Commercial,71,confirmed,,,Pickup-B,,
Chery,Arizo8,Sedan,Baseline,Passenger,70,confirmed,,,Car-C,,
Porche,Carrera,Sports car,Highline,Passenger,70,confirmed,,,Sport,,
Xiaomi,SU7,Sedan,Highline,Passenger,70,confirmed,,,Car-3,,
MAN,19441,Truck,Baseline,Commercial,69,confirmed,,,Truck-M/H,,
Mercedes,MCVC120,Bus,Baseline,Bus,68,confirmed,,"{""supply"": {""CKD"": 61, ""SUP"": 7}}",Large Bus,,
King Long,Glong,Van,Baseline,Bus,68,confirmed,,,Van-D,,
Dayun,Yuehu,Hatchback,Baseline,Passenger,68,confirmed,,,Car HB-B,,
FAHD,Bus,Minibus,Baseline,Bus,67,confirmed,,,Mid-Bus,,
KIA,K5,Sedan,Baseline,Passenger,67,confirmed,,,Car-D,,
Porche,911,Sports car,Highline,Passenger,66,confirmed,,,Sport,,
Alfa Romeo,Giulietta,Sedan,Highline,Passenger,66,confirmed,,,Car-2,,
Isuzu,Faster,Pickup,Baseline,Commercial,65,confirmed,,,Pickup-D,,
Mazda,Mazda 3,Sedan,Baseline,Passenger,64,confirmed,,,Car-C,,
Chevrolet,Bolt,Crossover,Baseline,Passenger,64,needs_review,agent-to-propose,,SUV-B,awaiting agent proposal,
GMC,Hummer,SUV,Highline,Passenger,64,needs_review,agent-to-propose,"{""engine"": {""BEV"": 48, ""ICE"": 16}} | highline size 'SUV-5' mapped to 'SUV' by assuming numeric 1-5 = letter A-E",SUV-5,awaiting agent proposal,
Denza,B3,Crossover,Highline,Passenger,64,needs_review,agent-to-propose,highline size 'SUV-2' mapped to 'Crossover' by assuming numeric 1-5 = letter A-E,SUV-2,awaiting agent proposal,
Volkswagen,Jetta,Sedan,Baseline,Passenger,63,confirmed,,,Car-C,,
Iveco,Iveco,Van,Baseline,Bus,63,confirmed,,,Van-E,,
Changhe,Q35,Crossover,Baseline,Passenger,63,needs_review,agent-to-propose,,SUV-B,awaiting agent proposal,
AUDI,Q5,SUV,Highline,Passenger,63,needs_review,agent-to-propose,highline size 'SUV-4' mapped to 'SUV' by assuming numeric 1-5 = letter A-E,SUV-4,awaiting agent proposal,
Hyundai,County,Minibus,Baseline,Bus,61,confirmed,,,Mid-Bus,,
Lamborghini,Urus,SUV,Highline,Passenger,60,needs_review,agent-to-propose,highline size 'SUV-5' mapped to 'SUV' by assuming numeric 1-5 = letter A-E,SUV-5,awaiting agent proposal,
GMC,Sierra,Pickup,Baseline,Commercial,59,confirmed,,,Pickup-E,,
SANY,Truck,Truck,Baseline,Commercial,59,confirmed,,,Truck-M/H,,
Suzuki,EECO,Van,Baseline,Bus,59,confirmed,,,Van-B,,
Chery,X30,Crossover,Baseline,Passenger,58,needs_review,agent-to-propose,,SUV-B,awaiting agent proposal,
Hyundai,Construction,Construction,Baseline,Construction,57,confirmed,,,Construction,,
Soueast,DX7,Compact SUV,Baseline,Passenger,57,needs_review,agent-to-propose,,SUV-C,awaiting agent proposal,
JAC,Truck,Truck,Baseline,Commercial,57,confirmed,,,Truck-L,,
BMW,M3,Sedan,Highline,Passenger,57,confirmed,,,Car-3,,
Skoda,Fabia,Hatchback,Baseline,Passenger,56,confirmed,,,Car HB-B,,
Smart,3,Crossover,Highline,Passenger,56,needs_review,agent-to-propose,highline size 'SUV-2' mapped to 'Crossover' by assuming numeric 1-5 = letter A-E,SUV-2,awaiting agent proposal,
Mercedes,CD415,Sedan,Highline,Passenger,55,confirmed,,,Car-2,,
JAC,JS6,Crossover,Baseline,Passenger,55,needs_review,agent-to-propose,,SUV-B,awaiting agent proposal,
DS,DS3,Crossover,Baseline,Passenger,54,needs_review,agent-to-propose,,SUV-B,awaiting agent proposal,
Hyundai,Sonata,Sedan,Baseline,Passenger,54,confirmed,,,Car-D,,
BMW,M4,Sedan,Highline,Passenger,54,confirmed,,,Car-3,,
BMW,i7,Sedan,Highline,Passenger,54,confirmed,,,Car-5,,
Xpeng,P7,Sedan,Highline,Passenger,54,confirmed,,,Car-3,,
Mercedes,3335,Truck,Baseline,Commercial,53,confirmed,,,Truck-M/H,,
Volvo,V60,SUV,Baseline,Passenger,53,needs_review,agent-to-propose,,SUV-D,awaiting agent proposal,
FORD,Transit,Van,Baseline,Bus,53,confirmed,,,Van-E,,
KYC,X5,Compact SUV,Baseline,Passenger,53,needs_review,agent-to-propose,,SUV-C,awaiting agent proposal,
Volkswagen,Teramont,SUV,Baseline,Passenger,53,needs_review,agent-to-propose,,SUV-D,awaiting agent proposal,
Mercedes,3341,Truck,Baseline,Commercial,52,confirmed,,,Truck-M/H,,
BEI BEN,Truck,Truck,Baseline,Commercial,52,confirmed,,,Truck-M/H,,
Foton,VS3,Van,Baseline,Bus,52,confirmed,,,Van-B,,
Honda,ENS1,Crossover,Baseline,Passenger,52,needs_review,agent-to-propose,,SUV-B,awaiting agent proposal,
JAC,J5,Sedan,Baseline,Passenger,51,confirmed,,,Car-B,,
Soueast,DX5,Compact SUV,Baseline,Passenger,51,needs_review,agent-to-propose,,SUV-C,awaiting agent proposal,
BYD,Qin Plus,Sedan,Baseline,Passenger,50,confirmed,,,Car-C,,
GMC,Yukon,SUV,Highline,Passenger,50,needs_review,agent-to-propose,highline size 'SUV-5' mapped to 'SUV' by assuming numeric 1-5 = letter A-E,SUV-5,awaiting agent proposal,
Mercedes,SL-Class,Sports car,Highline,Passenger,50,confirmed,,,Sport,,
BMW,Z-Series,Sports car,Highline,Passenger,49,confirmed,,,Sport,,
Chery,EQ7,Compact SUV,Baseline,Passenger,49,needs_review,agent-to-propose,,SUV-C,awaiting agent proposal,
Proton,Azura,Sedan,Baseline,Passenger,48,confirmed,,,Car-B,,
Dongfeng,E70 Pro,Sedan,Baseline,Passenger,48,confirmed,,,Car-B,,
Rolls Royce,Cullinan,Sedan,Highline,Passenger,48,confirmed,,,Car-5,,
Mazarati,Levante,SUV,Highline,Passenger,48,needs_review,agent-to-propose,highline size 'SUV-4' mapped to 'SUV' by assuming numeric 1-5 = letter A-E,SUV-4,awaiting agent proposal,
Bentley,Bentayga,SUV,Highline,Passenger,48,needs_review,agent-to-propose,highline size 'SUV-4' mapped to 'SUV' by assuming numeric 1-5 = letter A-E,SUV-4,awaiting agent proposal,
Victory,Minibus,Pickup,Baseline,Commercial,46,confirmed,,"{""segment"": {""Pickup-B"": 30, ""Van-B"": 16}, ""car_type"": {""Commercial"": 30, ""Bus"": 16}}",Pickup-B,,
Chevrolet,Camaro,Sedan,Baseline,Passenger,46,confirmed,,,Car-D,,
BYD,Han L,Sedan,Highline,Passenger,46,confirmed,,,Car-4,,
Hamco,ETD30,Truck,Baseline,Commercial,46,confirmed,,,Truck-M/H,,
Porche,Cayman,Sports car,Highline,Passenger,46,confirmed,,,Sport,,
Mercedes,CLS,Sedan,Highline,Passenger,46,confirmed,,,Car-5,,
Xiaomi,YU7,Sedan,Highline,Passenger,46,confirmed,,,Car-3,,
BYD,Dolphin,Hatchback,Baseline,Passenger,45,confirmed,,,Car HB-C,,
FAHD,Grand Tiger,Pickup,Baseline,Commercial,44,confirmed,,,Pickup-D,,
Smart,1,Hatchback,Highline,Passenger,44,confirmed,,,HB,,
Lynk &amp; Co,2,Crossover,Baseline,Passenger,44,needs_review,agent-to-propose,,SUV-B,awaiting agent proposal,
Jaguar,F-TYPE,Sports car,Highline,Passenger,43,confirmed,,,Sport,,
NETA,X,Crossover,Baseline,Passenger,43,needs_review,agent-to-propose,,SUV-B,awaiting agent proposal,
Li Auto,L6,SUV,Highline,Passenger,43,needs_review,agent-to-propose,highline size 'SUV-4' mapped to 'SUV' by assuming numeric 1-5 = letter A-E,SUV-4,awaiting agent proposal,
Chevrolet,Groove,Crossover,Baseline,Passenger,42,needs_review,agent-to-propose,,SUV-B,awaiting agent proposal,
Geely,Geometry,Crossover,Baseline,Passenger,42,needs_review,agent-to-propose,,SUV-B,awaiting agent proposal,
King Long,Kinglong,Van,Baseline,Bus,41,confirmed,,,Van-D,,
Chevrolet,Trax,Compact SUV,Baseline,Passenger,41,needs_review,agent-to-propose,,SUV-C,awaiting agent proposal,
MAN,TGM18.280,Truck,Baseline,Commercial,41,confirmed,,,Truck-M/H,,
KIA,Pegas,Sedan,Baseline,Passenger,41,confirmed,,,Car-B,,
Toyota,BZ4X,Compact SUV,Baseline,Passenger,41,needs_review,agent-to-propose,,SUV-C,awaiting agent proposal,
Land Rover,Discovery,SUV,Highline,Passenger,41,needs_review,agent-to-propose,"{""engine"": {""ICE"": 40, ""HYBRID"": 1}} | highline size 'SUV-4' mapped to 'SUV' by assuming numeric 1-5 = letter A-E",SUV-4,awaiting agent proposal,
Volkswagen,Lavida,Sedan,Baseline,Passenger,40,confirmed,,,Car-D,,
Volkswagen,ID3,Hatchback,Baseline,Passenger,40,confirmed,,,Car HB-B,,
IM,IM6,SUV,Highline,Passenger,40,needs_review,agent-to-propose,highline size 'SUV-4' mapped to 'SUV' by assuming numeric 1-5 = letter A-E,SUV-4,awaiting agent proposal,
MAN,TGX,Truck,Baseline,Commercial,40,confirmed,,,Truck-M/H,,
LondonCap,LondonCap,Van,Baseline,Bus,39,confirmed,,,Van-B,,
Chery,Arizo6,Sedan,Baseline,Passenger,39,confirmed,,,Car-C,,
Jaguar,E-PACE,Compact SUV,Highline,Passenger,39,needs_review,agent-to-propose,highline size 'SUV-3' mapped to 'Compact SUV' by assuming numeric 1-5 = letter A-E,SUV-3,awaiting agent proposal,
Bentley,V8,Sports car,Highline,Passenger,39,confirmed,,,Sport,,
Changan,X5 PLUS,Compact SUV,Baseline,Passenger,39,needs_review,agent-to-propose,,SUV-C,awaiting agent proposal,
IM,IM5,Sedan,Highline,Passenger,39,confirmed,,,Car-4,,
Soueast,DX7 PRIME,Compact SUV,Baseline,Passenger,38,needs_review,agent-to-propose,,SUV-C,awaiting agent proposal,
Nissan,Rogue,SUV,Baseline,Passenger,38,needs_review,agent-to-propose,,SUV-D,awaiting agent proposal,
Lotus,Emira,Sports car,Highline,Passenger,38,confirmed,,,Sport,,
Peugeot,308,Hatchback,Baseline,Passenger,37,confirmed,,,Car HB-C,,
KIA,Ceed,Crossover,Baseline,Passenger,37,needs_review,agent-to-propose,,SUV-B,awaiting agent proposal,
GWM,C30,Sedan,Baseline,Passenger,37,confirmed,,,Car-B,,
BYD,E2,Crossover,Baseline,Passenger,37,needs_review,agent-to-propose,,SUV-B,awaiting agent proposal,
Soueast,A5,Sedan,Baseline,Passenger,37,confirmed,,,Car-C,,
Ecoline,Bus,Bus,Baseline,Bus,36,confirmed,,,Large Bus,,
Bestune,B70S,Compact SUV,Baseline,Passenger,36,needs_review,agent-to-propose,,SUV-C,awaiting agent proposal,
Bentley,FLYING SPUR,Sedan,Highline,Passenger,36,confirmed,,,Car-5,,
SANY,525,Truck,Baseline,Commercial,36,confirmed,,,Truck-M/H,,
Hyundai,EX9C/CAB.ELWB,Truck,Baseline,Commercial,35,confirmed,,,Truck-M/H,,
Dongfeng,7,Compact SUV,Baseline,Passenger,35,needs_review,agent-to-propose,,SUV-C,awaiting agent proposal,
Hyundai,H1,Van,Baseline,Bus,34,confirmed,,,Van-D,,
MG,GS,Crossover,Baseline,Passenger,34,needs_review,agent-to-propose,,SUV-B,awaiting agent proposal,
Yutong,ZK6128H,Bus,Baseline,Bus,34,confirmed,,,Large Bus,,
Nissan,N7,Sedan,Baseline,Passenger,34,confirmed,,,Car-C,,
Volvo,X270,SUV,Baseline,Passenger,33,needs_review,agent-to-propose,,SUV-D,awaiting agent proposal,
KGM,XLV,Compact SUV,Baseline,Passenger,33,needs_review,agent-to-propose,,SUV-C,awaiting agent proposal,
Iveco,ML180E28,Truck,Baseline,Commercial,33,confirmed,,,Truck-M/H,,
Volkswagen,ID7,Sedan,Baseline,Passenger,33,confirmed,,,Car-D,,
BMW,i4,Sedan,Highline,Passenger,33,confirmed,,,Car-3,,
Volvo,X290,SUV,Baseline,Passenger,32,needs_review,agent-to-propose,,SUV-D,awaiting agent proposal,
GMC,Supervan,Van,Baseline,Bus,32,confirmed,,,Van-E,,
Hyundai,Truck,Truck,Baseline,Commercial,32,confirmed,,"{""segment"": {""Truck-L"": 31, ""Truck-M/H"": 1}}",Truck-L,,
Bestune,T33,Crossover,Baseline,Passenger,32,needs_review,agent-to-propose,,SUV-B,awaiting agent proposal,
Mercedes,I200,Sedan,Highline,Passenger,32,confirmed,,,Car-2,,
Mercedes,EQC,Compact SUV,Highline,Passenger,32,needs_review,agent-to-propose,highline size 'SUV-3' mapped to 'Compact SUV' by assuming numeric 1-5 = letter A-E,SUV-3,awaiting agent proposal,
Mercedes,Vito,Van,Baseline,Bus,31,confirmed,,,Van-D,,
Mercedes,600,Sedan,Highline,Passenger,31,confirmed,,,Car-2,,
Geely,X7,Compact SUV,Baseline,Passenger,30,needs_review,agent-to-propose,,SUV-C,awaiting agent proposal,
Hyundai,Kona,Crossover,Baseline,Passenger,30,needs_review,agent-to-propose,,SUV-B,awaiting agent proposal,
Skoda,Kushaq,Compact SUV,Baseline,Passenger,30,needs_review,agent-to-propose,,SUV-C,awaiting agent proposal,
TATA,Truck,Truck,Baseline,Commercial,29,confirmed,,,Truck-L,,
Shineray,Van,Van,Baseline,Bus,29,confirmed,,,Van-B,,
Iveco,AD380,Truck,Baseline,Commercial,28,confirmed,,,Truck-M/H,,
FORD,Escape,Crossover,Baseline,Passenger,28,needs_review,agent-to-propose,,SUV-B,awaiting agent proposal,
Renault,C-Series,Truck,Baseline,Commercial,28,confirmed,,,Truck-M/H,,
Exeed,TXL,Compact SUV,Baseline,Passenger,28,needs_review,agent-to-propose,"{""supply"": {""SUP"": 23, ""CKD"": 5}}",SUV-C,awaiting agent proposal,
Subaru,Forester,Compact SUV,Baseline,Passenger,28,needs_review,agent-to-propose,,SUV-C,awaiting agent proposal,
Wuling,Bingo,Hatchback,Baseline,Passenger,28,confirmed,,,Car HB-B,,
Land Rover,P440e,SUV,Highline,Passenger,28,needs_review,agent-to-propose,highline size 'SUV-4' mapped to 'SUV' by assuming numeric 1-5 = letter A-E,SUV-4,awaiting agent proposal,
GAC,GS3,Crossover,Baseline,Passenger,27,needs_review,agent-to-propose,,SUV-B,awaiting agent proposal,
Toyota,Raize,Crossover,Baseline,Passenger,27,needs_review,agent-to-propose,,SUV-B,awaiting agent proposal,
Nissan,plt11,Sedan,Baseline,Passenger,26,confirmed,,,Car-C,,
BAIC,Changhe,MPV,Baseline,Passenger,26,confirmed,,,MPV-B,,
Volvo,C40,Compact SUV,Baseline,Passenger,26,needs_review,agent-to-propose,,SUV-C,awaiting agent proposal,
Mercedes,A-Class e,Hatchback,Highline,Passenger,26,confirmed,,,HB,,
Wuling,YEP,Crossover,Baseline,Passenger,26,needs_review,agent-to-propose,,SUV-A,awaiting agent proposal,
Li Auto,L9,SUV,Highline,Passenger,26,needs_review,agent-to-propose,"{""segment"": {""SUV-5"": 23, ""SUV-4"": 3}} | highline size 'SUV-5' mapped to 'SUV' by assuming numeric 1-5 = letter A-E",SUV-5,awaiting agent proposal,
Zoyte,Z100,Compact SUV,Baseline,Passenger,25,needs_review,agent-to-propose,,SUV-C,awaiting agent proposal,
JEEP,Wrangler,Compact SUV,Baseline,Passenger,25,needs_review,agent-to-propose,"{""supply"": {""SUP"": 23, ""CKD"": 2}}",SUV-C,awaiting agent proposal,
Foton,C31,Pickup,Baseline,Commercial,25,confirmed,,,Pickup-B,,
JAC,Rein,Compact SUV,Baseline,Passenger,25,needs_review,agent-to-propose,,SUV-C,awaiting agent proposal,
Toyota,Rav 4,Compact SUV,Baseline,Passenger,25,needs_review,agent-to-propose,,SUV-C,awaiting agent proposal,
Dongfeng,8,SUV,Baseline,Passenger,25,needs_review,agent-to-propose,,SUV-D,awaiting agent proposal,
Volkswagen,Caddy,Van,Baseline,Bus,24,confirmed,,,Van-B,,
Construction,Construction,Construction,Baseline,Construction,24,confirmed,,"{""engine"": {""ICE"": 15, ""Construction"": 9}}",Construction,,
Sinotruk,HOWO420,Truck,Baseline,Commercial,24,confirmed,,,Truck-M/H,,
FIAT,Van,Van,Baseline,Bus,24,confirmed,,,Van-B,,
Toyota,Avanza,MPV,Baseline,Passenger,24,confirmed,,,MPV-C,,
Skania,G-Series,Truck,Baseline,Commercial,24,confirmed,,,Truck-M/H,,
Toyota,Granvia,Van,Baseline,Bus,24,confirmed,,,Van-D,,
Bentley,Continental,Sedan,Highline,Passenger,24,confirmed,,,Car-5,,
MG,MG3,Hatchback,Baseline,Passenger,23,confirmed,,,Car HB-B,,
Iveco,1.8000000000000001E+30,Truck,Baseline,Commercial,23,confirmed,,,Truck-M/H,,
Changan,V7,Sedan,Baseline,Passenger,23,confirmed,,,Car-B,,
Mercedes,EQV,Van,Baseline,Bus,23,confirmed,,"{""segment"": {""Van-E"": 22, ""Van-D"": 1}}",Van-E,,
Hyundai,Ioniq5,Hatchback,Baseline,Passenger,23,confirmed,,,Car HB-C,,
Jaguar,XE,Sedan,Highline,Passenger,23,confirmed,,,Car-3,,
BYD,Seal,Sports car,Highline,Passenger,23,confirmed,,,Sport,,
Chevrolet,Aveo,Sedan,Baseline,Passenger,22,confirmed,,,Car-B,,
Volvo,V50,SUV,Baseline,Passenger,22,needs_review,agent-to-propose,,SUV-D,awaiting agent proposal,
DFM,Construction,Construction,Baseline,Construction,22,confirmed,,,Construction,,
Renault,D280,Truck,Baseline,Commercial,22,confirmed,,,Truck-M/H,,
Chery,Tiggo2 Pro,Crossover,Baseline,Passenger,22,needs_review,agent-to-propose,"{""supply"": {""SUP"": 21, ""CKD"": 1}}",SUV-B,awaiting agent proposal,
Mini Coper,F56,Hatchback,Highline,Passenger,22,confirmed,,,HB,,
Porche,Panamera,Sedan,Highline,Passenger,22,confirmed,,,Car-4,,
Lamborghini,Huracan,Sports car,Highline,Passenger,22,confirmed,,,Sport,,
Mitsubishi,X FORCE,Crossover,Baseline,Passenger,22,needs_review,agent-to-propose,,SUV-B,awaiting agent proposal,
BYD,Sealion,Compact SUV,Baseline,Passenger,22,needs_review,agent-to-propose,,SUV-C,awaiting agent proposal,
Renault,Symbol,Sedan,Baseline,Passenger,21,confirmed,,,Car-B,,
SEAT,Leon Cubra,Hatchback,Baseline,Passenger,21,confirmed,,,Car HB-C,,
MAN,K408,Bus,Baseline,Bus,21,confirmed,,,Large Bus,,
Toyota,BZ3,Sedan,Baseline,Passenger,21,confirmed,,,Car-C,,
Genesis,GV70,SUV,Highline,Passenger,21,needs_review,agent-to-propose,highline size 'SUV-5' mapped to 'SUV' by assuming numeric 1-5 = letter A-E,SUV-5,awaiting agent proposal,
Hyundai,Verna,Sedan,Baseline,Passenger,20,confirmed,,,Car-B,,
Citroen,GS,Sedan,Baseline,Passenger,20,confirmed,,,Car-B,,
Hyundai,Grandeur,Sedan,Baseline,Passenger,20,confirmed,,,Car-D,,
Volkswagen,Taos,Compact SUV,Baseline,Passenger,20,needs_review,agent-to-propose,,SUV-C,awaiting agent proposal,
Sinotruk,HOWOTX430,Truck,Baseline,Commercial,20,confirmed,,,Truck-M/H,,
Dodge,Ram,Pickup,Baseline,Commercial,19,confirmed,,,Pickup-E,,
MAN,33.36,Truck,Baseline,Commercial,19,confirmed,,,Truck-M/H,,
BYD,EV600,Compact SUV,Baseline,Passenger,19,needs_review,agent-to-propose,,SUV-C,awaiting agent proposal,
Volvo,F10 Series,Truck,Baseline,Commercial,19,confirmed,,,Truck-M/H,,
Lexus,LX570,SUV,Highline,Passenger,19,needs_review,agent-to-propose,highline size 'SUV-5' mapped to 'SUV' by assuming numeric 1-5 = letter A-E,SUV-5,awaiting agent proposal,
FORD,Mustang,Sports car,Highline,Passenger,19,confirmed,,,Sport,,
Yutong,C12 PRO,Bus,Baseline,Bus,19,confirmed,,,Large Bus,,
GWM,Coolbear,Crossover,Baseline,Passenger,18,needs_review,agent-to-propose,,SUV-B,awaiting agent proposal,
Cubra,Cubra,SUV,Baseline,Passenger,18,needs_review,agent-to-propose,,SUV-D,awaiting agent proposal,
FORD,Bronco,Compact SUV,Baseline,Passenger,18,needs_review,agent-to-propose,,SUV-C,awaiting agent proposal,
Lynk &amp; Co,900,SUV,Highline,Passenger,18,needs_review,agent-to-propose,highline size 'SUV-5' mapped to 'SUV' by assuming numeric 1-5 = letter A-E,SUV-5,awaiting agent proposal,
Volkswagen,Carvelle,Van,Baseline,Bus,17,confirmed,,,Van-D,,
Iveco,ES8,Truck,Baseline,Commercial,17,confirmed,,,Truck-M/H,,
Bestune,Bestune,Sedan,Baseline,Passenger,17,confirmed,,,Car-C,,
Lexus,LX600,SUV,Highline,Passenger,17,needs_review,agent-to-propose,highline size 'SUV-5' mapped to 'SUV' by assuming numeric 1-5 = letter A-E,SUV-5,awaiting agent proposal,
Forthing,S7,Sedan,Baseline,Passenger,17,confirmed,,,Car-D,,
Chery,Envy,Sedan,Baseline,Passenger,16,confirmed,,,Car-B,,
OPEL,Insignia,Sedan,Baseline,Passenger,16,confirmed,,,Car-D,,
Mitsubishi,GB400,Van,Baseline,Bus,16,confirmed,,,Van-E,,
Iveco,AD380 G,Truck,Baseline,Commercial,16,confirmed,,,Truck-M/H,,
Peugeot,208,Hatchback,Baseline,Passenger,16,confirmed,,,Car HB-B,,
Mazarati,Ghibli,Sports car,Highline,Passenger,16,confirmed,,,Sport,,
Mercedes,AMG,Sedan,Highline,Passenger,16,confirmed,,,Car-4,,
Lotus,ELETRE R,Sports car,Highline,Passenger,16,confirmed,,,Sport,,
BMW,IX2,Crossover,Highline,Passenger,16,needs_review,agent-to-propose,highline size 'SUV-2' mapped to 'Crossover' by assuming numeric 1-5 = letter A-E,SUV-2,awaiting agent proposal,
Xpeng,X9,MPV,Highline,Passenger,16,confirmed,,,MPV,,
AUDI,Q6,SUV,Highline,Passenger,16,needs_review,agent-to-propose,highline size 'SUV-4' mapped to 'SUV' by assuming numeric 1-5 = letter A-E,SUV-4,awaiting agent proposal,
Karry,Q22,Van,Baseline,Bus,15,confirmed,,,Van-B,,
GAC,Gonow,Van,Baseline,Bus,15,confirmed,,,Van-B,,
Iveco,420,Truck,Baseline,Commercial,15,confirmed,,,Truck-M/H,,
Volvo,B 7R,Van,Baseline,Bus,15,confirmed,,,Van-E,,
KGM,Korando,Compact SUV,Baseline,Passenger,15,needs_review,agent-to-propose,,SUV-C,awaiting agent proposal,
BYD,Yuan Pro,Compact SUV,Baseline,Passenger,15,needs_review,agent-to-propose,,SUV-C,awaiting agent proposal,
Chevrolet,Silvador,Pickup,Baseline,Commercial,15,confirmed,,,Pickup-E,,
Geely,Azkarra,Compact SUV,Baseline,Passenger,15,needs_review,agent-to-propose,"{""engine"": {""HYBRID"": 12, ""ICE"": 3}}",SUV-C,awaiting agent proposal,
Volkswagen,Touran,MPV,Baseline,Passenger,15,confirmed,,"{""segment"": {""MPV-C"": 13, ""Van-B"": 2}, ""car_type"": {""Passenger"": 13, ""Bus"": 2}}",MPV-C,,
Aston Martin,DB11,Sports car,Highline,Passenger,15,confirmed,,,Sport,,
Aston Martin,DBX,Crossover,Highline,Passenger,15,needs_review,agent-to-propose,highline size 'SUV-2' mapped to 'Crossover' by assuming numeric 1-5 = letter A-E,SUV-2,awaiting agent proposal,
BYD,Sealion 5,Compact SUV,Baseline,Passenger,15,needs_review,agent-to-propose,,SUV-C,awaiting agent proposal,
HOWO,371,Truck,Baseline,Commercial,14,confirmed,,,Truck-M/H,,
Hyundai,Ioniq,Sedan,Baseline,Passenger,14,confirmed,,,Car-C,,
Toyota,Camry,Sedan,Baseline,Passenger,14,confirmed,,,Car-D,,
Chevrolet,Menlo,Compact SUV,Baseline,Passenger,14,needs_review,agent-to-propose,,SUV-C,awaiting agent proposal,
MAN,TGS 33.480,Truck,Baseline,Commercial,14,confirmed,,,Truck-M/H,,
BMW,M8,Sedan,Highline,Passenger,14,confirmed,,,Car-5,,
Lamborghini,Null,Sports car,Highline,Passenger,14,confirmed,,,Sport,,
Ferari,f8,Sports car,Highline,Passenger,14,confirmed,,,Sport,,
Tesla,Model X,SUV,Highline,Passenger,14,needs_review,agent-to-propose,highline size 'SUV-4' mapped to 'SUV' by assuming numeric 1-5 = letter A-E,SUV-4,awaiting agent proposal,
DFSK,600,Compact SUV,Baseline,Passenger,14,needs_review,agent-to-propose,,SUV-C,awaiting agent proposal,
Volvo,240,Sedan,Baseline,Passenger,13,confirmed,,,Car-D,,
MAN,قسطور,Truck,Baseline,Commercial,13,confirmed,,,Truck-M/H,,
Chevrolet,4hv,Crossover,Baseline,Passenger,13,needs_review,agent-to-propose,,SUV-B,awaiting agent proposal,
Mitsubishi,RVR,Crossover,Baseline,Passenger,13,needs_review,agent-to-propose,,SUV-B,awaiting agent proposal,
Isuzu,HHV,Truck,Baseline,Commercial,13,confirmed,,,Truck-L,,
Brilliance,V5,Compact SUV,Baseline,Passenger,13,needs_review,agent-to-propose,,SUV-C,awaiting agent proposal,
JAC,S5,Compact SUV,Baseline,Passenger,13,needs_review,agent-to-propose,"{""segment"": {""SUV-C"": 12, ""SUV-B"": 1}}",SUV-C,awaiting agent proposal,
Mitsubishi,Construction,Construction,Baseline,Construction,13,confirmed,,,Construction,,
HINO,Truck,Truck,Baseline,Commercial,13,confirmed,,,Truck-L,,
FORD,CMAX,MPV,Baseline,Passenger,13,confirmed,,,MPV-C,,
Hamco,etd70,Truck,Baseline,Commercial,13,confirmed,,,Truck-L,,
Changan,E-Star,Hatchback,Baseline,Passenger,13,confirmed,,,Car HB-A,,
Hyundai,Ioniq6,Sedan,Baseline,Passenger,13,confirmed,,,Car-C,,
Mercedes,500,Sedan,Highline,Passenger,13,confirmed,,,Car-2,,
Rolls Royce,Spectre,Sedan,Highline,Passenger,13,confirmed,,,Car-5,,
Zhong,TONG,Bus,Baseline,Bus,13,confirmed,,,Large Bus,,
Kastour,Kastour,Truck,Baseline,Commercial,13,confirmed,,,Truck-M/H,,
BYD,Han,Sedan,Highline,Passenger,13,confirmed,,,Car-4,,
Genni,X30,Van,Baseline,Bus,12,confirmed,,,Van-B,,
Chevrolet,Sonic,Sedan,Baseline,Passenger,12,confirmed,,,Car-C,,
BAIC,X35,Compact SUV,Baseline,Passenger,12,needs_review,agent-to-propose,,SUV-C,awaiting agent proposal,
GMC,Safary,Van,Baseline,Bus,12,confirmed,,,Van-E,,
Chevrolet,Blazer,SUV,Baseline,Passenger,12,needs_review,agent-to-propose,,SUV-D,awaiting agent proposal,
Levan,LF6401,Van,Baseline,Bus,12,confirmed,,,Van-B,,
Cubra,Leon,Hatchback,Baseline,Passenger,12,confirmed,,,Car HB-C,,
BMW,i8,Sports car,Highline,Passenger,12,confirmed,,,Sport,,
Volkswagen,ID UNYX,Compact SUV,Baseline,Passenger,12,needs_review,agent-to-propose,,SUV-C,awaiting agent proposal,
Wuling,Yangguang,Van,Baseline,Bus,12,confirmed,,,Van-B,,
Toyota,FJ Cruiser,SUV,Baseline,Passenger,11,needs_review,agent-to-propose,,SUV-D,awaiting agent proposal,
Skania,L-Series,Truck,Baseline,Commercial,11,confirmed,,,Truck-M/H,,
Hyundai,Stellar,Sedan,Baseline,Passenger,11,confirmed,,,Car-B,,
Hongqi,E-HS9,SUV,Highline,Passenger,11,needs_review,agent-to-propose,"{""segment"": {""SUV-4"": 7, ""SUV-D"": 4}} | highline size 'SUV-4' mapped to 'SUV' by assuming numeric 1-5 = letter A-E",SUV-4,awaiting agent proposal,
AUDI,RSQ8,SUV,Highline,Passenger,11,needs_review,agent-to-propose,highline size 'SUV-5' mapped to 'SUV' by assuming numeric 1-5 = letter A-E,SUV-5,awaiting agent proposal,
Li Auto,L7,SUV,Highline,Passenger,11,needs_review,agent-to-propose,highline size 'SUV-4' mapped to 'SUV' by assuming numeric 1-5 = letter A-E,SUV-4,awaiting agent proposal,
MAN,TGH-16-2NO,Truck,Baseline,Commercial,10,confirmed,,,Truck-M/H,,
JAC,S7,Compact SUV,Baseline,Passenger,10,needs_review,agent-to-propose,,SUV-C,awaiting agent proposal,
JAC,J6,MPV,Baseline,Passenger,10,confirmed,,,MPV-B,,
BYD,S5,Compact SUV,Baseline,Passenger,10,needs_review,agent-to-propose,,SUV-C,awaiting agent proposal,
GMC,ZMX,Pickup,Baseline,Commercial,10,confirmed,,,Pickup-E,,
Changhe,Changhe,MPV,Baseline,Passenger,10,confirmed,,"{""segment"": {""MPV-B"": 9, ""Van-B"": 1}, ""car_type"": {""Passenger"": 9, ""Bus"": 1}}",MPV-B,,
Mitsubishi,L200,Pickup,Baseline,Commercial,10,confirmed,,,Pickup-D,,
Dodge,Neon,Sedan,Baseline,Passenger,10,confirmed,,,Car-C,,
Mercedes,2545,Truck,Baseline,Commercial,10,confirmed,,,Truck-M/H,,
Bieben,1628K,Truck,Baseline,Commercial,10,confirmed,,,Truck-M/H,,
Hyundai,HD170C/CAB.LWB,Truck,Baseline,Commercial,10,confirmed,,,Truck-M/H,,
Changan,SL03,Sedan,Baseline,Passenger,10,confirmed,,,Car-D,,
Mercedes,AMG C43,Sedan,Highline,Passenger,10,confirmed,,,Car-4,,
AUDI,E-Trons,SUV,Highline,Passenger,10,needs_review,agent-to-propose,highline size 'SUV-4' mapped to 'SUV' by assuming numeric 1-5 = letter A-E,SUV-4,awaiting agent proposal,
AUDI,Q4e-tron,Compact SUV,Highline,Passenger,10,needs_review,agent-to-propose,highline size 'SUV-3' mapped to 'Compact SUV' by assuming numeric 1-5 = letter A-E,SUV-3,awaiting agent proposal,
AUDI,Q5e-tron,SUV,Highline,Passenger,10,needs_review,agent-to-propose,highline size 'SUV-4' mapped to 'SUV' by assuming numeric 1-5 = letter A-E,SUV-4,awaiting agent proposal,
AUDI,RS5,Sports car,Highline,Passenger,10,confirmed,,,Sport,,
SANY,462,Truck,Baseline,Commercial,10,confirmed,,,Truck-M/H,,
Voyah,Dream,MPV,Highline,Passenger,10,confirmed,,,MPV,,
KIA,EV3,Compact SUV,Baseline,Passenger,10,needs_review,agent-to-propose,"{""segment"": {""SUV-C"": 6, ""SUV-3"": 4}}",SUV-C,awaiting agent proposal,
MAN,MAN-TGX18.480,Truck,Baseline,Commercial,10,confirmed,,,Truck-M/H,,
Citroen,S50,Sedan,Baseline,Passenger,9,confirmed,,,Car-B,,
Mitsubishi,ASX,Crossover,Baseline,Passenger,9,needs_review,agent-to-propose,,SUV-B,awaiting agent proposal,
Nissan,Tida,Sedan,Baseline,Passenger,9,confirmed,,,Car-C,,
GWM,Florid,Crossover,Baseline,Passenger,9,needs_review,agent-to-propose,,SUV-B,awaiting agent proposal,
Hyundai,Grand i10,Hatchback,Baseline,Passenger,9,confirmed,,,Car HB-B,,
SWM,X2,MPV,Baseline,Passenger,9,confirmed,,,MPV-C,,
Alwahsh,Construction,Construction,Baseline,Construction,9,confirmed,,,Construction,,
BYD,EV500,Compact SUV,Baseline,Passenger,9,needs_review,agent-to-propose,,SUV-C,awaiting agent proposal,
Hyundai,Venue,Crossover,Baseline,Passenger,9,needs_review,agent-to-propose,,SUV-B,awaiting agent proposal,
Shenlan,S7,Compact SUV,Baseline,Passenger,9,needs_review,agent-to-propose,,SUV-C,awaiting agent proposal,
Levan,320,Hatchback,Baseline,Passenger,9,confirmed,,,Car HB-B,,
Ferari,roma,Sports car,Highline,Passenger,9,confirmed,,,Sport,,
Ferari,portofino,Sports car,Highline,Passenger,9,confirmed,,,Sport,,
Tesla,Model S,Sedan,Highline,Passenger,9,confirmed,,"{""segment"": {""Car-4"": 7, ""Car-3"": 2}}",Car-4,,
Land Rover,P300E,Crossover,Highline,Passenger,9,needs_review,agent-to-propose,highline size 'SUV-2' mapped to 'Crossover' by assuming numeric 1-5 = letter A-E,SUV-2,awaiting agent proposal,
Rolls Royce,Ghost,Sedan,Highline,Passenger,9,confirmed,,,Car-5,,
Cadillac,Lyric,SUV,Highline,Passenger,9,needs_review,agent-to-propose,highline size 'SUV-4' mapped to 'SUV' by assuming numeric 1-5 = letter A-E,SUV-4,awaiting agent proposal,
Chery,Tiggo5,Crossover,Baseline,Passenger,9,needs_review,agent-to-propose,,SUV-B,awaiting agent proposal,
AUDI,A8,Sedan,Highline,Passenger,9,confirmed,,,Car-5,,
Hongqi,hs3,Compact SUV,Baseline,Passenger,9,needs_review,agent-to-propose,"{""engine"": {""BEV"": 2, ""ICE"": 1}}",SUV-C,awaiting agent proposal,
Changan,CS75,SUV,Baseline,Passenger,9,needs_review,agent-to-propose,,SUV-D,awaiting agent proposal,
Kinglong,Kinglong,Van,Baseline,Bus,9,confirmed,,"{""supply"": {""CKD"": 6, ""SUP"": 3}}",Van-D,,
Avatr,6,Sedan,Highline,Passenger,9,confirmed,,,Car-3,,
Arcfox,Kaola,Crossover,Baseline,Passenger,9,needs_review,agent-to-propose,,SUV-B,awaiting agent proposal,
Nissan,350,Sedan,Baseline,Passenger,8,confirmed,,,Car-D,,
GMC,Savana,Van,Baseline,Bus,8,confirmed,,,Van-E,,
JAC,A60,Sedan,Baseline,Passenger,8,confirmed,,,Car-C,,
KIA,EV6,Compact SUV,Baseline,Passenger,8,needs_review,agent-to-propose,,SUV-C,awaiting agent proposal,
Chevrolet,Lanos,Sedan,Baseline,Passenger,8,confirmed,,,Car-B,,
Hyundai,Matrix,Compact SUV,Baseline,Passenger,8,needs_review,agent-to-propose,,SUV-C,awaiting agent proposal,
Chery,Q22,Van,Baseline,Bus,8,confirmed,,,Van-B,,
Chevrolet,D-Lux,Sedan,Baseline,Passenger,8,confirmed,,,Car-D,,
Changan,Benni,Hatchback,Baseline,Passenger,8,confirmed,,,Car HB-A,,
Hyundai,Excel,Sedan,Baseline,Passenger,8,confirmed,,,Car-B,,
MAN,TGS33 400,Truck,Baseline,Commercial,8,confirmed,,,Truck-M/H,,
Vedecar,Vedecar,Truck,Baseline,Commercial,8,confirmed,,,Truck-M/H,,
Toyota,Corolla Cross,Compact SUV,Baseline,Passenger,8,needs_review,agent-to-propose,,SUV-C,awaiting agent proposal,
Honda,NP-1,Compact SUV,Baseline,Passenger,8,needs_review,agent-to-propose,,SUV-C,awaiting agent proposal,
Dongfeng,AX7,Compact SUV,Baseline,Passenger,8,needs_review,agent-to-propose,,SUV-C,awaiting agent proposal,
KIA,K8,Sedan,Baseline,Passenger,8,confirmed,,,Car-D,,
Toyota,TLC79,Pickup,Baseline,Commercial,8,confirmed,,,Pickup-D,,
BMW,850,Sports car,Highline,Passenger,8,confirmed,,,Sport,,
BMW,M5,Sedan,Highline,Passenger,8,confirmed,,,Car-4,,
Jaguar,i-Pace,SUV,Highline,Passenger,8,needs_review,agent-to-propose,highline size 'SUV-4' mapped to 'SUV' by assuming numeric 1-5 = letter A-E,SUV-4,awaiting agent proposal,
Ferari,GTS812,Sports car,Highline,Passenger,8,confirmed,,,Sport,,
Ferari,296GTB,Sports car,Highline,Passenger,8,confirmed,,,Sport,,
AUDI,Q8 e-tron,SUV,Highline,Passenger,8,needs_review,agent-to-propose,highline size 'SUV-5' mapped to 'SUV' by assuming numeric 1-5 = letter A-E,SUV-5,awaiting agent proposal,
UD,Quester,Truck,Baseline,Commercial,8,confirmed,,,Truck-M/H,,
Dayun,M1,MPV,Baseline,Passenger,8,confirmed,,,MPV-C,,
Mercedes,EQG,SUV,Highline,Passenger,8,needs_review,agent-to-propose,highline size 'SUV-5' mapped to 'SUV' by assuming numeric 1-5 = letter A-E,SUV-5,awaiting agent proposal,
FAW,V60,Van,Baseline,Bus,7,confirmed,,,Van-B,,
Chery,A15,Sedan,Baseline,Passenger,7,confirmed,,,Car-B,,
Hyundai,Genesis,Sedan,Baseline,Passenger,7,confirmed,,,Car-D,,
Renault,Espace,Van,Baseline,Bus,7,confirmed,,,Van-B,,
GWM,Hover,Compact SUV,Baseline,Passenger,7,needs_review,agent-to-propose,,SUV-C,awaiting agent proposal,
Nissan,Terra,SUV,Baseline,Passenger,7,needs_review,agent-to-propose,,SUV-D,awaiting agent proposal,
FAW,CA6350A2,Truck,Baseline,Commercial,7,confirmed,,,Truck-L,,
Toyota,Aurion,Sedan,Baseline,Passenger,7,confirmed,,,Car-C,,
MAN,k309,Bus,Baseline,Bus,7,confirmed,,,Large Bus,,
MG,RX8,SUV,Baseline,Passenger,7,needs_review,agent-to-propose,,SUV-D,awaiting agent proposal,
GMC,Blazer,SUV,Highline,Passenger,7,needs_review,agent-to-propose,highline size 'SUV-4' mapped to 'SUV' by assuming numeric 1-5 = letter A-E,SUV-4,awaiting agent proposal,
Dongfeng,Joyear,Sedan,Baseline,Passenger,7,confirmed,,"{""segment"": {""Car-B"": 5, ""MPV-C"": 2}}",Car-B,,
GMC,Pocon,SUV,Highline,Passenger,7,needs_review,agent-to-propose,"{""segment"": {""SUV-5"": 6, ""Pickup-E"": 1}, ""car_type"": {""Passenger"": 6, ""Commercial"": 1}} | highline size 'SUV-5' mapped to 'SUV' by assuming numeric 1-5 = letter A-E",SUV-5,awaiting agent proposal,
Aston Martin,Vantage,Sports car,Highline,Passenger,7,confirmed,,,Sport,,
Lexus,Lxvip,SUV,Highline,Passenger,7,needs_review,agent-to-propose,highline size 'SUV-5' mapped to 'SUV' by assuming numeric 1-5 = letter A-E,SUV-5,awaiting agent proposal,
Genesis,GV60,SUV,Highline,Passenger,7,needs_review,agent-to-propose,highline size 'SUV-4' mapped to 'SUV' by assuming numeric 1-5 = letter A-E,SUV-4,awaiting agent proposal,
GAC,AION Y PLUS,Crossover,Baseline,Passenger,7,needs_review,agent-to-propose,,SUV-B,awaiting agent proposal,
Mini Coper,SE,Hatchback,Highline,Passenger,7,confirmed,,,HB,,
Foton,Toano,Van,Baseline,Bus,7,confirmed,,,Van-D,,
Volkswagen,Transport,Van,Baseline,Bus,6,confirmed,,,Van-D,,
Chevrolet,C6,Sedan,Baseline,Passenger,6,confirmed,,,Car-C,,
Mitsubishi,L100,Pickup,Baseline,Commercial,6,confirmed,,,Pickup-B,,
Renault,Captur,Crossover,Baseline,Passenger,6,needs_review,agent-to-propose,,SUV-B,awaiting agent proposal,
FAW,Faw,Van,Baseline,Bus,6,confirmed,,,Van-B,,
Honda,MNV,Compact SUV,Baseline,Passenger,6,needs_review,agent-to-propose,,SUV-C,awaiting agent proposal,
Renault,Construction,Construction,Baseline,Construction,6,confirmed,,,Construction,,
Iveco,350,Truck,Baseline,Commercial,6,confirmed,,,Truck-M/H,,
Dongfeng,A30,Sedan,Baseline,Passenger,6,confirmed,,,Car-C,,
Iveco,35S15E3V,Truck,Baseline,Commercial,6,confirmed,,,Truck-M/H,,
Volkswagen,Cross Fox,Crossover,Baseline,Passenger,6,needs_review,agent-to-propose,,SUV-B,awaiting agent proposal,
Rabdan,One,Compact SUV,Baseline,Passenger,6,needs_review,agent-to-propose,,SUV-C,awaiting agent proposal,
Mitsubishi,Montero,SUV,Baseline,Passenger,6,needs_review,agent-to-propose,,SUV-D,awaiting agent proposal,
Hongqi,EHS9,SUV,Baseline,Passenger,6,needs_review,agent-to-propose,,SUV-D,awaiting agent proposal,
Jaguar,XF,Sedan,Highline,Passenger,6,confirmed,,,Car-4,,
Mercedes,300,Sedan,Highline,Passenger,6,confirmed,,,Car-2,,
AUDI,TT,Sedan,Highline,Passenger,6,confirmed,,,Car-2,,
Land Rover,P510e,SUV,Highline,Passenger,6,needs_review,agent-to-propose,highline size 'SUV-5' mapped to 'SUV' by assuming numeric 1-5 = letter A-E,SUV-5,awaiting agent proposal,
KIA,EV9,SUV,Baseline,Passenger,6,needs_review,agent-to-propose,,SUV-D,awaiting agent proposal,
MAN,TGE3-140,Truck,Baseline,Commercial,6,confirmed,,,Truck-M/H,,
Lotus,Emeya,Sports car,Highline,Passenger,6,confirmed,,,Sport,,
BYD,Song,Compact SUV,Baseline,Passenger,6,needs_review,agent-to-propose,,SUV-C,awaiting agent proposal,
Voyah,Free,SUV,Baseline,Passenger,6,needs_review,agent-to-propose,,SUV-D,awaiting agent proposal,
Cadillac,Escalade IQ,SUV,Highline,Passenger,6,needs_review,agent-to-propose,highline size 'SUV-5' mapped to 'SUV' by assuming numeric 1-5 = letter A-E,SUV-5,awaiting agent proposal,
JMC,Vigas,Pickup,Baseline,Commercial,6,confirmed,,,Pickup-D,,
Shenray,X30,Van,Baseline,Bus,6,confirmed,,,Van-B,,
Toyota,RH20B,Pickup,Baseline,Commercial,5,confirmed,,,Pickup-B,,
KIA,Niro,Crossover,Baseline,Passenger,5,needs_review,agent-to-propose,,SUV-B,awaiting agent proposal,
Mercedes,CI311,Truck,Baseline,Commercial,5,confirmed,,,Truck-M/H,,
BMW,XE 225,Hatchback,Baseline,Passenger,5,confirmed,,,Car HB-C,,
Hyundai,Veloster,Crossover,Baseline,Passenger,5,needs_review,agent-to-propose,,SUV-B,awaiting agent proposal,
MG,MGGT,Sedan,Baseline,Passenger,5,confirmed,,,Car-C,,
Chana,Benni,Hatchback,Baseline,Passenger,5,confirmed,,,Car HB-A,,
FORD,Territory,SUV,Baseline,Passenger,5,needs_review,agent-to-propose,,SUV-D,awaiting agent proposal,
Mercedes,1413,Truck,Baseline,Commercial,5,confirmed,,,Truck-M/H,,
Hyundai,Star X,Van,Baseline,Bus,5,confirmed,,,Van-D,,
Keyton,EX80,MPV,Baseline,Passenger,5,confirmed,,,MPV-C,,
Chevrolet,4h5,Crossover,Baseline,Passenger,5,needs_review,agent-to-propose,,SUV-B,awaiting agent proposal,
Haval,M6,Compact SUV,Baseline,Passenger,5,needs_review,agent-to-propose,,SUV-C,awaiting agent proposal,
Smart,Fortwo,Hatchback,Baseline,Passenger,5,confirmed,,,Car HB-A,,
Mitsubishi,Airtrek,Compact SUV,Baseline,Passenger,5,needs_review,agent-to-propose,,SUV-C,awaiting agent proposal,
Newgonow,E LCV,Van,Baseline,Bus,5,confirmed,,,Van-D,,
Zoyte,T300,Compact SUV,Baseline,Passenger,5,needs_review,agent-to-propose,,SUV-C,awaiting agent proposal,
Dayun,YUANZHI M1,MPV,Baseline,Passenger,5,confirmed,,,MPV-D,,
Mercedes,400,Sedan,Highline,Passenger,5,confirmed,,,Car-2,,
Dodge,Challenger,Sedan,Highline,Passenger,5,confirmed,,,Car-4,,
BMW,3-Series E,Sedan,Highline,Passenger,5,confirmed,,,Car-3,,
Chery,I CAR 03,Crossover,Baseline,Passenger,5,needs_review,agent-to-propose,,SUV-B,awaiting agent proposal,
Hongqi,Ousado,Sedan,Highline,Passenger,5,confirmed,,"{""segment"": {""Car-4"": 4, ""Car-5"": 1}, ""engine"": {""HYBRID"": 4, ""ICE"": 1}}",Car-4,,
Chevrolet,Corvette,Sports car,Highline,Passenger,5,confirmed,,,Sport,,
Ferari,Purosangue,Sports car,Highline,Passenger,5,confirmed,,,Sport,,
BYD,Sealion 7,Compact SUV,Baseline,Passenger,5,needs_review,agent-to-propose,,SUV-C,awaiting agent proposal,
Dongfeng,Captain C,Truck,Baseline,Commercial,5,confirmed,,,Truck-L,,
FIAT,Abarth,Hatchback,Baseline,Passenger,4,confirmed,,,Car HB-A,,
Peugeot,307,Sedan,Baseline,Passenger,4,confirmed,,,Car-B,,
KIA,Cadenza,Sedan,Baseline,Passenger,4,confirmed,,,Car-D,,
KGM,Rexton,Compact SUV,Baseline,Passenger,4,needs_review,agent-to-propose,,SUV-C,awaiting agent proposal,
Toyota,Crown,Sedan,Baseline,Passenger,4,confirmed,,,Car-D,,
Hantang,X7s,Compact SUV,Baseline,Passenger,4,needs_review,agent-to-propose,,SUV-C,awaiting agent proposal,
Volkswagen,EOS,Sedan,Baseline,Passenger,4,confirmed,,,Car-C,,
JAC,Gona,Van,Baseline,Bus,4,confirmed,,,Van-B,,
JAC,IE7,Sedan,Baseline,Passenger,4,confirmed,,,Car-B,,
FORD,F-Series,Truck,Baseline,Commercial,4,confirmed,,,Truck-L,,
Keyton,M70,Van,Baseline,Bus,4,confirmed,,,Van-B,,
Volkswagen,Crossfox,Crossover,Baseline,Passenger,4,needs_review,agent-to-propose,,SUV-B,awaiting agent proposal,
KIA,Optima,Sedan,Baseline,Passenger,4,confirmed,,,Car-D,,
GAC,aion-y,Crossover,Baseline,Passenger,4,needs_review,agent-to-propose,,SUV-B,awaiting agent proposal,
Polestar,2,Sedan,Baseline,Passenger,4,confirmed,,,Car-D,,
Renault,Arkana,Compact SUV,Baseline,Passenger,4,needs_review,agent-to-propose,,SUV-C,awaiting agent proposal,
Soueast,DX8,Compact SUV,Baseline,Passenger,4,needs_review,agent-to-propose,,SUV-C,awaiting agent proposal,
Hamco,ETD50,Truck,Baseline,Commercial,4,confirmed,,,Truck-M/H,,
DFSK,GLORY iX5,Compact SUV,Baseline,Passenger,4,needs_review,agent-to-propose,,SUV-C,awaiting agent proposal,
Changan,UNI-K,SUV,Baseline,Passenger,4,needs_review,agent-to-propose,,SUV-D,awaiting agent proposal,
Zeekr,9,MPV,Baseline,Passenger,4,confirmed,,"{""segment"": {""MPV-C"": 3, ""MPV-D"": 1}}",MPV-C,,
Chery,Omoda 5,Compact SUV,Baseline,Passenger,4,needs_review,agent-to-propose,,SUV-C,awaiting agent proposal,
Mini Coper,F55,Hatchback,Highline,Passenger,4,confirmed,,,HB,,
AUDI,R8,Sports car,Highline,Passenger,4,confirmed,,,Sport,,
Mini Coper,Clubman,Hatchback,Highline,Passenger,4,confirmed,,,HB,,
Mazarati,Quatro,Sports car,Highline,Passenger,4,confirmed,,,Sport,,
Mercedes,250,Sedan,Highline,Passenger,4,confirmed,,,Car-2,,
Porche,Spyder,Sports car,Highline,Passenger,4,confirmed,,,Sport,,
Dodge,Durango,SUV,Highline,Passenger,4,needs_review,agent-to-propose,highline size 'SUV-5' mapped to 'SUV' by assuming numeric 1-5 = letter A-E,SUV-5,awaiting agent proposal,
Genesis,G80,Sedan,Highline,Passenger,4,confirmed,,,Car-5,,
MAN,TGS 33.400,Truck,Baseline,Commercial,4,confirmed,,,Truck-M/H,,
UD,Croner,Truck,Baseline,Commercial,4,confirmed,,,Truck-M/H,,
BYD,Leopard,SUV,Highline,Passenger,4,needs_review,agent-to-propose,highline size 'SUV-4' mapped to 'SUV' by assuming numeric 1-5 = letter A-E,SUV-4,awaiting agent proposal,
Yutong,V6,Van,Baseline,Bus,4,confirmed,,,Van-E,,
Dayun,Rehigh RH6,Sedan,Baseline,Passenger,4,confirmed,,,Car-D,,
Dayun,Rehigh RH8,SUV,Baseline,Passenger,4,needs_review,agent-to-propose,,SUV-D,awaiting agent proposal,
Dongfeng,Nammi 06,Crossover,Baseline,Passenger,4,needs_review,agent-to-propose,,SUV-B,awaiting agent proposal,
BYD,Seal 05,Sedan,Baseline,Passenger,4,confirmed,,,Car-C,,
Toyota,FT86,Sedan,Baseline,Passenger,3,confirmed,,,Car-D,,
Iveco,1.5E+23,Truck,Baseline,Commercial,3,confirmed,,,Truck-M/H,,
Citroen,C6,Sedan,Baseline,Passenger,3,confirmed,,,Car-C,,
FIAT,Punto,Hatchback,Baseline,Passenger,3,confirmed,,"{""segment"": {""Car HB-C"": 2, ""Car HB-B"": 1}}",Car HB-C,,
Suzuki,LJ 80,Crossover,Baseline,Passenger,3,needs_review,agent-to-propose,,SUV-B,awaiting agent proposal,
Chevrolet,Nova,Sedan,Baseline,Passenger,3,confirmed,,,Car-D,,
Chevrolet,Cruz,Sedan,Baseline,Passenger,3,confirmed,,,Car-C,,
Private,Grand,Compact SUV,Baseline,Passenger,3,needs_review,agent-to-propose,,SUV-C,awaiting agent proposal,
Nissan,KD 27,Sedan,Baseline,Passenger,3,confirmed,,,Car-C,,
Chevrolet,Aster,Van,Baseline,Bus,3,confirmed,,,Van-D,,
Iveco,AS440S43TX,Truck,Baseline,Commercial,3,confirmed,,,Truck-M/H,,
Volkswagen,Suran,MPV,Baseline,Passenger,3,confirmed,,,MPV-B,,
Citroen,C3-Aircross,Crossover,Baseline,Passenger,3,needs_review,agent-to-propose,,SUV-B,awaiting agent proposal,
KIA,K22,SUV,Baseline,Passenger,3,needs_review,agent-to-propose,,SUV-D,awaiting agent proposal,
Nissan,Leaf,Hatchback,Baseline,Passenger,3,confirmed,,,Car HB-C,,
Nissan,Skyline,Sedan,Baseline,Passenger,3,confirmed,,,Car-C,,
Toyota,4Runner,SUV,Baseline,Passenger,3,needs_review,agent-to-propose,,SUV-D,awaiting agent proposal,
Suzuki,APV,Van,Baseline,Bus,3,confirmed,,,Van-B,,
Hyundai,Boni,Sedan,Baseline,Passenger,3,confirmed,,,Car-B,,
Chevrolet,Caprice,Sedan,Baseline,Passenger,3,confirmed,,,Car-D,,
Xpeng,G3,Compact SUV,Baseline,Passenger,3,needs_review,agent-to-propose,,SUV-C,awaiting agent proposal,
Chevrolet,Impala,Sedan,Baseline,Passenger,3,confirmed,,,Car-D,,
Nissan,sx200,Sedan,Baseline,Passenger,3,confirmed,,,Car-C,,
MAN,TGX41540,Truck,Baseline,Commercial,3,confirmed,,,Truck-M/H,,
Geely,EX3,Crossover,Baseline,Passenger,3,needs_review,agent-to-propose,,SUV-B,awaiting agent proposal,
Hamco,etd80,Truck,Baseline,Commercial,3,confirmed,,,Truck-L,,
Leapmotor,C11,Compact SUV,Baseline,Passenger,3,needs_review,agent-to-propose,,SUV-C,awaiting agent proposal,
JMC,GSE,Sedan,Baseline,Passenger,3,confirmed,,,Car-C,,
Leapmotor,Leapmotor,Compact SUV,Baseline,Passenger,3,needs_review,agent-to-propose,,SUV-C,awaiting agent proposal,
Forthing,M4,MPV,Baseline,Passenger,3,confirmed,,,MPV-C,,
Renault,K420,Truck,Baseline,Commercial,3,confirmed,,,Truck-M/H,,
Haima,Aishang,Hatchback,Baseline,Passenger,3,confirmed,,,Car HB-B,,
Rolls Royce,Phantom,Sedan,Highline,Passenger,3,confirmed,,,Car-5,,
BMW,6-Series,Sedan,Highline,Passenger,3,confirmed,,,Car-4,,
Mercedes,200,Sedan,Highline,Passenger,3,confirmed,,,Car-2,,
Mercedes,55,Sedan,Highline,Passenger,3,confirmed,,,Car-2,,
AUDI,A7,Sedan,Highline,Passenger,3,confirmed,,,Car-5,,
Ferari,SF90,Sports car,Highline,Passenger,3,confirmed,,,Sport,,
Mercedes,AMG GT43,Sedan,Highline,Passenger,3,confirmed,,,Car-4,,
BMW,M7 E,Sedan,Highline,Passenger,3,confirmed,,,Car-5,,
Ferari,296GTS,Sports car,Highline,Passenger,3,confirmed,,,Sport,,
Tesla,Cybertruck,SUV,Highline,Passenger,3,needs_review,agent-to-propose,highline size 'SUV-5' mapped to 'SUV' by assuming numeric 1-5 = letter A-E,SUV-5,awaiting agent proposal,
Deepal,SL03,Sedan,Highline,Passenger,3,confirmed,,"{""segment"": {""Car-4"": 2, ""Car-D"": 1}}",Car-4,,
AITO,M9,SUV,Highline,Passenger,3,needs_review,agent-to-propose,highline size 'SUV-4' mapped to 'SUV' by assuming numeric 1-5 = letter A-E,SUV-4,awaiting agent proposal,
Mini Coper,S-JCW,Hatchback,Highline,Passenger,3,confirmed,,,HB,,
Haval,Raptor,SUV,Baseline,Passenger,3,needs_review,agent-to-propose,,SUV-D,awaiting agent proposal,
Astra,Astra,Truck,Baseline,Commercial,3,confirmed,,,Truck-M/H,,
Denza,D9,MPV,Highline,Passenger,3,confirmed,,,MPV,,
TGM,مان18.290,Truck,Baseline,Commercial,3,confirmed,,,Truck-M/H,,
Venucia,V,Compact SUV,Baseline,Passenger,3,needs_review,agent-to-propose,,SUV-C,awaiting agent proposal,
BYD,QIN L,Sedan,Baseline,Passenger,3,confirmed,,,Car-C,,
AITO,M8,SUV,Baseline,Passenger,3,needs_review,agent-to-propose,,SUV-E,awaiting agent proposal,
Foton,Wonder,,,Commercial,3,needs_review,agent-to-propose,,,awaiting agent proposal,
Dongfeng,Captain T,Truck,Baseline,Commercial,3,confirmed,,,Truck-L,,
BYD,Shark 6,Pickup,Baseline,Commercial,3,confirmed,,,Pickup-E,,
Peugeot,504,Sedan,Baseline,Passenger,2,confirmed,,"{""segment"": {""Car-D"": 1, ""Car-C"": 1}}",Car-D,,
MG,350,Sedan,Baseline,Passenger,2,confirmed,,,Car-B,,
SEAT,Toledo,Sedan,Baseline,Passenger,2,confirmed,,,Car-C,,
Geely,Imprial,Sedan,Baseline,Passenger,2,confirmed,,,Car-B,,
Chevrolet,B20,Van,Baseline,Bus,2,confirmed,,,Van-D,,
Peugeot,505,Sedan,Baseline,Passenger,2,confirmed,,,Car-C,,
JAC,IEV6E,Hatchback,Baseline,Passenger,2,confirmed,,,Car HB-A,,
Nissan,Terrano,SUV,Baseline,Passenger,2,needs_review,agent-to-propose,,SUV-D,awaiting agent proposal,
ZX Auto,Komodo,Pickup,Baseline,Commercial,2,confirmed,,,Pickup-D,,
Chery,A11,Sedan,Baseline,Passenger,2,confirmed,,,Car-B,,
HAV,Mini,Van,Baseline,Bus,2,confirmed,,,Van-B,,
Daihatsu,Terrios,Compact SUV,Baseline,Passenger,2,needs_review,agent-to-propose,,SUV-C,awaiting agent proposal,
MG,2000,Sedan,Baseline,Passenger,2,confirmed,,,Car-B,,
Chevrolet,Uplander,SUV,Baseline,Passenger,2,needs_review,agent-to-propose,,SUV-D,awaiting agent proposal,
Mitsubishi,Matrix,Hatchback,Baseline,Passenger,2,confirmed,,,Car HB-C,,
Nissan,Gloria,Sedan,Baseline,Passenger,2,confirmed,,,Car-D,,
Mercedes,1841,Truck,Baseline,Commercial,2,confirmed,,,Truck-M/H,,
BAIC,Senova,Crossover,Baseline,Passenger,2,needs_review,agent-to-propose,,SUV-B,awaiting agent proposal,
Mercedes,MB140,Van,Baseline,Bus,2,confirmed,,,Van-D,,
AGRO,AK230,Construction,Baseline,Construction,2,confirmed,,,Construction,,
Geely,GC5,Crossover,Baseline,Passenger,2,needs_review,agent-to-propose,,SUV-B,awaiting agent proposal,
Geely,LC,Hatchback,Baseline,Passenger,2,confirmed,,,Car HB-A,,
Citroen,Berlingo,Van,Baseline,Bus,2,confirmed,,,Van-B,,
Renault,Lodgy,MPV,Baseline,Passenger,2,confirmed,,,MPV-C,,
Mercedes,2648,Truck,Baseline,Commercial,2,confirmed,,,Truck-M/H,,
Geely,Kandi,Hatchback,Baseline,Passenger,2,confirmed,,,Car HB-A,,
BYD,G3,Sedan,Baseline,Passenger,2,confirmed,,,Car-C,,
Mitsubishi,Roza,Minibus,Baseline,Bus,2,confirmed,,,Mid-Bus,,
BAIC,X25,Crossover,Baseline,Passenger,2,needs_review,agent-to-propose,,SUV-B,awaiting agent proposal,
MAN,26464,Truck,Baseline,Commercial,2,confirmed,,,Truck-M/H,,
Hyundai,Galloper,SUV,Baseline,Passenger,2,needs_review,agent-to-propose,,SUV-D,awaiting agent proposal,
MAN,"TGS 40,480",Truck,Baseline,Commercial,2,confirmed,,,Truck-M/H,,
Volkswagen,T Cross,Compact SUV,Baseline,Passenger,2,needs_review,agent-to-propose,"{""segment"": {""SUV-C"": 1, ""SUV-B"": 1}}",SUV-C,awaiting agent proposal,
Exeed,90T,Compact SUV,Baseline,Passenger,2,needs_review,agent-to-propose,,SUV-C,awaiting agent proposal,
Haval,H2,Crossover,Baseline,Passenger,2,needs_review,agent-to-propose,,SUV-B,awaiting agent proposal,
Helmarv,Panda,Hatchback,Baseline,Passenger,2,confirmed,,,Car HB-A,,
Hyundai,Centennial,Sedan,Baseline,Passenger,2,confirmed,,,Car-D,,
Scania,Truck,Truck,Baseline,Commercial,2,confirmed,,,Truck-M/H,,
Mitsubishi,Box,Pickup,Baseline,Commercial,2,confirmed,,,Pickup-D,,
JAC,EJ7,Sedan,Baseline,Passenger,2,confirmed,,,Car-C,,
Iveco,ad380t420h,Truck,Baseline,Commercial,2,confirmed,,,Truck-M/H,,
TEU,Construction,Construction,Baseline,Construction,2,confirmed,,,Construction,,
Toyota,GX-R,SUV,Baseline,Passenger,2,needs_review,agent-to-propose,,SUV-E,awaiting agent proposal,
Volkswagen,Taigo,Crossover,Baseline,Passenger,2,needs_review,agent-to-propose,,SUV-B,awaiting agent proposal,
SANY,Construction,Construction,Baseline,Construction,2,confirmed,,,Construction,,
Honda,NSI,Compact SUV,Baseline,Passenger,2,needs_review,agent-to-propose,,SUV-C,awaiting agent proposal,
Maxus,D60,Compact SUV,Baseline,Passenger,2,needs_review,agent-to-propose,,SUV-C,awaiting agent proposal,
JAC,S6,Compact SUV,Baseline,Passenger,2,needs_review,agent-to-propose,,SUV-C,awaiting agent proposal,
Volkswagen,Scrocco,Hatchback,Baseline,Passenger,2,confirmed,,,Car HB-C,,
Dacia,Duster,Crossover,Baseline,Passenger,2,needs_review,agent-to-propose,,SUV-B,awaiting agent proposal,
Toyota,Hiace,Van,Baseline,Bus,2,confirmed,,,Van-D,,
Dongfeng,SX5,Compact SUV,Baseline,Passenger,2,needs_review,agent-to-propose,,SUV-C,awaiting agent proposal,
Rivian,R1S,SUV,Baseline,Passenger,2,needs_review,agent-to-propose,,SUV-E,awaiting agent proposal,
Skoda,Yeti,MPV,Baseline,Passenger,2,confirmed,,,MPV-B,,
CAT,966H,Construction,Baseline,Construction,2,confirmed,,,Construction,,
Toyota,Tundra,Pickup,Baseline,Commercial,2,confirmed,,,Pickup-D,,
Levan,620,Sedan,Baseline,Passenger,2,confirmed,,,Car-C,,
Ferari,355 F,Sports car,Highline,Passenger,2,confirmed,,,Sport,,
Mercedes,560,Sedan,Highline,Passenger,2,confirmed,,,Car-2,,
Land Rover,Freelander,SUV,Highline,Passenger,2,needs_review,agent-to-propose,highline size 'SUV-4' mapped to 'SUV' by assuming numeric 1-5 = letter A-E,SUV-4,awaiting agent proposal,
AUDI,Quatro,Sedan,Highline,Passenger,2,confirmed,,,Car-2,,
Rolls Royce,Wraith,Sedan,Highline,Passenger,2,confirmed,,,Car-5,,
Nissan,GTR,Sports car,Highline,Passenger,2,confirmed,,,Sport,,
AUDI,A1,Hatchback,Highline,Passenger,2,confirmed,,,HB,,
AUDI,RS3,Sedan,Highline,Passenger,2,confirmed,,,Car-3,,
BMW,M235i,Sedan,Highline,Passenger,2,confirmed,,"{""segment"": {""Car-2"": 1, ""Car-3"": 1}}",Car-2,,
MG,Cyberster,Sports car,Highline,Passenger,2,confirmed,,,Sport,,
Aston Martin,DB12,Sports car,Highline,Passenger,2,confirmed,,,Sport,,
Dongfeng,EX1,Crossover,Baseline,Passenger,2,needs_review,agent-to-propose,,SUV-B,awaiting agent proposal,
Volkswagen,POLO,Hatchback,Baseline,Passenger,2,confirmed,,,Car HB-C,,
Nissan,Armada,SUV,Baseline,Passenger,2,needs_review,agent-to-propose,,SUV-E,awaiting agent proposal,
NIO,EL6,Compact SUV,Highline,Passenger,2,needs_review,agent-to-propose,highline size 'SUV-3' mapped to 'Compact SUV' by assuming numeric 1-5 = letter A-E,SUV-3,awaiting agent proposal,
Hongqi,Hongqi,SUV,Baseline,Passenger,2,needs_review,agent-to-propose,,SUV-D,awaiting agent proposal,
Mitsubishi,Spaceatar,Hatchback,Baseline,Passenger,2,confirmed,,,Car HB-B,,
Lincoln,Aviator,SUV,Highline,Passenger,2,needs_review,agent-to-propose,highline size 'SUV-5' mapped to 'SUV' by assuming numeric 1-5 = letter A-E,SUV-5,awaiting agent proposal,
International,7300,Truck,Baseline,Commercial,2,confirmed,,,Truck-M/H,,
MAN,TGL10.250,Truck,Baseline,Commercial,2,confirmed,,,Truck-M/H,,
Hyundai,Stargazer,MPV,Baseline,Passenger,2,confirmed,,,MPV-C,,
Toyota,Supra,Sports car,Highline,Passenger,2,confirmed,,,Sport,,
Lynk &amp; Co,8,Compact SUV,Baseline,Passenger,2,needs_review,agent-to-propose,,SUV-C,awaiting agent proposal,
BAIC,MZ40,Van,Baseline,Bus,2,confirmed,,,Van-B,,
Jonda,NKR,Truck,Baseline,Commercial,2,confirmed,,,Truck-L,,
Morgan,PLUS FOUR,Sports car,Highline,Passenger,2,confirmed,,,Sport,,
AITO,M7,Compact SUV,Highline,Passenger,2,needs_review,agent-to-propose,highline size 'SUV-3' mapped to 'Compact SUV' by assuming numeric 1-5 = letter A-E,SUV-3,awaiting agent proposal,
Yangwang,U8,SUV,Highline,Passenger,2,needs_review,agent-to-propose,highline size 'SUV-5' mapped to 'SUV' by assuming numeric 1-5 = letter A-E,SUV-5,awaiting agent proposal,
Forthing,U-TOUR,MPV,Baseline,Passenger,2,confirmed,,,MPV-C,,
Scania,R500,Truck,Baseline,Commercial,2,confirmed,,,Truck-M/H,,
Denza,Z9,Sedan,Highline,Passenger,2,confirmed,,,Car-4,,
JAC,Refine RF8,MPV,Baseline,Passenger,2,confirmed,,,MPV,,
Dongfeng,M-Hero,SUV,Baseline,Passenger,2,needs_review,agent-to-propose,,SUV-D,awaiting agent proposal,
Sinotruk,G7430,Truck,Baseline,Commercial,2,confirmed,,,Truck-M/H,,
Exeed,ET,SUV,Baseline,Passenger,2,needs_review,agent-to-propose,,SUV-D,awaiting agent proposal,
Exeed,ES,Sedan,Baseline,Passenger,2,confirmed,,,Car-D,,
Honda,E-NP2,Sedan,Baseline,Passenger,2,confirmed,,,Car-C,,
Forthing,V9,MPV,Baseline,Passenger,2,confirmed,,,MPV-C,,
Jenhoo,EV48,Van,Baseline,Bus,2,confirmed,,,Van-E,,
Soueast,S06DM,Compact SUV,Baseline,Passenger,2,needs_review,agent-to-propose,,SUV-C,awaiting agent proposal,
JAC,T6 DC,Pickup,Baseline,Commercial,2,confirmed,,,Pickup-D,,
Dongfeng,Captain W,Pickup,Baseline,Commercial,2,confirmed,,,Pickup-D,,
Huawei,S800,Sedan,Highline,Passenger,2,confirmed,,,Car-5,,
Sinotruk,HOWO TX480,Truck,Baseline,Commercial,2,confirmed,,,Truck-M/H,,
Soueast,S08,Compact SUV,Baseline,Passenger,2,needs_review,agent-to-propose,,SUV-C,awaiting agent proposal,
TATA,Ultra,Truck,Baseline,Commercial,2,confirmed,,,Truck-L,,
MG,MGB,Sports car,Highline,Passenger,2,confirmed,,,Sport,,
Kenbo,S3,Crossover,Baseline,Passenger,1,needs_review,agent-to-propose,,SUV-B,awaiting agent proposal,
Volvo,S40,Sedan,Baseline,Passenger,1,confirmed,,,Car-D,,
FORD,Kuga,Compact SUV,Baseline,Passenger,1,needs_review,agent-to-propose,,SUV-C,awaiting agent proposal,
Hyundai,Traget,Sedan,Baseline,Passenger,1,confirmed,,,Car-B,,
Changhe,QV,MPV,Baseline,Passenger,1,confirmed,,,MPV-B,,
Mitsubishi,L 300,Pickup,Baseline,Commercial,1,confirmed,,,Pickup-D,,
Xpeng,Xpeng,Sedan,,Passenger,1,confirmed,,,,user reviewed,
FIAT,Qubo,Van,Baseline,Bus,1,confirmed,,,Van-B,,
DFSK,EQ6400LF,Van,Baseline,Bus,1,confirmed,,,Van-B,,
Nissan,Ariya,Compact SUV,Baseline,Passenger,1,needs_review,agent-to-propose,,SUV-C,awaiting agent proposal,
Chevrolet,Lava,Hatchback,Baseline,Passenger,1,confirmed,,,Car HB-B,,
Toyota,Auris,Hatchback,Baseline,Passenger,1,confirmed,,,Car HB-C,,
Volvo,V70,SUV,Baseline,Passenger,1,needs_review,agent-to-propose,,SUV-D,awaiting agent proposal,
Volvo,S90,Sedan,Baseline,Passenger,1,confirmed,,,Car-D,,
DOMY,X5,Crossover,Baseline,Passenger,1,needs_review,agent-to-propose,,SUV-B,awaiting agent proposal,
Chana,GM8,MPV,Baseline,Passenger,1,confirmed,,,MPV-B,,
Chery,A213,Sedan,,Passenger,1,confirmed,,,,user reviewed,
KIA,spectra,Sedan,Baseline,Passenger,1,confirmed,,,Car-B,,
Skania,713,Truck,Baseline,Commercial,1,confirmed,,,Truck-M/H,,
Toyota,Rav-4,Compact SUV,Baseline,Passenger,1,needs_review,agent-to-propose,,SUV-C,awaiting agent proposal,
JEEP,Patriot,Crossover,Baseline,Passenger,1,needs_review,agent-to-propose,,SUV-B,awaiting agent proposal,
FORD,Navigator,SUV,Baseline,Passenger,1,needs_review,agent-to-propose,,SUV-E,awaiting agent proposal,
Subaru,Outback,Compact SUV,Baseline,Passenger,1,needs_review,agent-to-propose,,SUV-C,awaiting agent proposal,
Hawtai,A25,Compact SUV,Baseline,Passenger,1,needs_review,agent-to-propose,,SUV-C,awaiting agent proposal,
Hyundai,Solaris,Sedan,Baseline,Passenger,1,confirmed,,,Car-C,,
Peugeot,305,Sedan,Baseline,Passenger,1,confirmed,,,Car-B,,
FAW,CA6350AZ,Truck,Baseline,Commercial,1,confirmed,,,Truck-L,,
Peugeot,605,Sedan,Baseline,Passenger,1,confirmed,,,Car-C,,
Peugeot,RCZ,Sedan,Baseline,Passenger,1,confirmed,,,Car-D,,
Honda,Odyssey,MPV,Baseline,Passenger,1,confirmed,,,MPV-C,,
Chevrolet,Avalanche,Pickup,Baseline,Commercial,1,confirmed,,,Pickup-E,,
Mercedes,MCV200,Truck,Baseline,Commercial,1,confirmed,,,Truck-L,,
Toyota,Seinta,MPV,Baseline,Passenger,1,confirmed,,,MPV-B,,
Renault,Twingo,Hatchback,Baseline,Passenger,1,confirmed,,,Car HB-A,,
Nissan,Selfie,Sedan,Baseline,Passenger,1,confirmed,,,Car-B,,
MG,360,Sedan,Baseline,Passenger,1,confirmed,,,Car-B,,
Toyota,R22,Pickup,Baseline,Commercial,1,confirmed,,,Pickup-D,,
Toyota,RH20V,Pickup,Baseline,Commercial,1,confirmed,,,Pickup-B,,
Isuzu,66L,Truck,Baseline,Commercial,1,confirmed,,,Truck-L,,
CAT,Construction,Construction,Baseline,Construction,1,confirmed,,,Construction,,
Chevrolet,Skyline,Sedan,Baseline,Passenger,1,confirmed,,,Car-D,,
Peugeot,Rifter,Van,Baseline,Bus,1,confirmed,,,Van-B,,
Peugeot,607,Sedan,Baseline,Passenger,1,confirmed,,,Car-C,,
Forland,Forland,Truck,Baseline,Commercial,1,confirmed,,,Truck-L,,
Renault,Twizy,Hatchback,Baseline,Passenger,1,confirmed,,,Car HB-A,,
Renault,170S,Truck,Baseline,Commercial,1,confirmed,,,Truck-M/H,,
Nissan,سيدرك,Sedan,Baseline,Passenger,1,confirmed,,,Car-C,,
MAN,TGS 40.540,Truck,Baseline,Commercial,1,confirmed,,,Truck-M/H,,
KGM,Musso,Pickup,Baseline,Commercial,1,confirmed,,,Pickup-D,,
Renault,450,Truck,Baseline,Commercial,1,confirmed,,,Truck-M/H,,
Changan,CX70,Compact SUV,Baseline,Passenger,1,needs_review,agent-to-propose,,SUV-C,awaiting agent proposal,
FORD,Expedition,SUV,Baseline,Passenger,1,needs_review,agent-to-propose,,SUV-E,awaiting agent proposal,
Iveco,316,Truck,Baseline,Commercial,1,confirmed,,,Truck-M/H,,
Iveco,1.8000000000000001E+26,Truck,Baseline,Commercial,1,confirmed,,,Truck-M/H,,
Aldamani,DMV300,Crossover,Baseline,Passenger,1,needs_review,agent-to-propose,,SUV-B,awaiting agent proposal,
Renault,Fluence,Sedan,Baseline,Passenger,1,confirmed,,,Car-D,,
Volkswagen,Bora,Sedan,Baseline,Passenger,1,confirmed,,,Car-C,,
Dongfeng,S30,Sedan,Baseline,Passenger,1,confirmed,,,Car-B,,
Volkswagen,Crafter,Van,Baseline,Bus,1,confirmed,,,Van-E,,
Hycan,Z03,Hatchback,Baseline,Passenger,1,confirmed,,,Car HB-C,,
KIA,Ray,Hatchback,Baseline,Passenger,1,confirmed,,,Car HB-A,,
JAC,A10,Hatchback,Baseline,Passenger,1,confirmed,,,Car HB-B,,
FIAT,500 Dolcevita,Hatchback,Baseline,Passenger,1,confirmed,,,Car HB-A,,
Pacton,Construction,Construction,Baseline,Construction,1,confirmed,,,Construction,,
Infinity,QX80,SUV,Baseline,Passenger,1,needs_review,agent-to-propose,,SUV-E,awaiting agent proposal,
FIAT,Construction,Construction,Baseline,Construction,1,confirmed,,,Construction,,
Nissan,Versa,Sedan,Baseline,Passenger,1,confirmed,,,Car-B,,
CHTC,CHTC,Van,Baseline,Bus,1,confirmed,,,Van-E,,
Chevrolet,Truck,Truck,Baseline,Commercial,1,confirmed,,,Truck-L,,
DS,4AS,Compact SUV,Baseline,Passenger,1,needs_review,agent-to-propose,,SUV-C,awaiting agent proposal,
Chevrolet,Suburban,SUV,Baseline,Passenger,1,needs_review,agent-to-propose,,SUV-E,awaiting agent proposal,
GAC,GS5,Compact SUV,Baseline,Passenger,1,needs_review,agent-to-propose,,SUV-C,awaiting agent proposal,
ZhongTong,Bus,Bus,Baseline,Bus,1,confirmed,,,Large Bus,,
KIA,Visto,Hatchback,Baseline,Passenger,1,confirmed,,,Car HB-A,,
Volkswagen,ID5,Compact SUV,Baseline,Passenger,1,needs_review,agent-to-propose,,SUV-C,awaiting agent proposal,
Dacia,Sandero,Hatchback,Baseline,Passenger,1,confirmed,,,Car HB-B,,
Haval,H3,Compact SUV,Baseline,Passenger,1,needs_review,agent-to-propose,,SUV-C,awaiting agent proposal,
Kenworth,T270,Truck,Baseline,Commercial,1,confirmed,,,Truck-L,,
Zemex,Zemex Star,Van,Baseline,Bus,1,confirmed,,,Van-D,,
FAW,X40,Crossover,Baseline,Passenger,1,needs_review,agent-to-propose,,SUV-B,awaiting agent proposal,
DFSK,EC35,Van,Baseline,Bus,1,confirmed,,,Van-B,,
FORD,Edge,SUV,Baseline,Passenger,1,needs_review,agent-to-propose,,SUV-D,awaiting agent proposal,
Toyota,VELOZ CROSS,MPV,Baseline,Passenger,1,confirmed,,,MPV-C,,
Chevrolet,Melno,Compact SUV,Baseline,Passenger,1,needs_review,agent-to-propose,,SUV-C,awaiting agent proposal,
Renault,C460,Truck,Baseline,Commercial,1,confirmed,,,Truck-M/H,,
Hyundai,Palisade,SUV,Baseline,Passenger,1,needs_review,agent-to-propose,,SUV-E,awaiting agent proposal,
Hyundai,Casper,Crossover,Baseline,Passenger,1,needs_review,agent-to-propose,,SUV-A,awaiting agent proposal,
Changan,CS95,SUV,Baseline,Passenger,1,needs_review,agent-to-propose,,SUV-D,awaiting agent proposal,
Honda,Pilot,SUV,Baseline,Passenger,1,needs_review,agent-to-propose,,SUV-D,awaiting agent proposal,
Komodo,G L X,Compact SUV,Baseline,Passenger,1,needs_review,agent-to-propose,,SUV-C,awaiting agent proposal,
Geely,Monjaro,SUV,Baseline,Passenger,1,needs_review,agent-to-propose,,SUV-D,awaiting agent proposal,
FIAT,Panda,Hatchback,Baseline,Passenger,1,confirmed,,,Car HB-B,,
Toyota,Condor,Van,Baseline,Bus,1,confirmed,,,Van-B,,
Geely,E8,Sedan,Baseline,Passenger,1,confirmed,,,Car-D,,
Mercedes,CDI416,Van,Baseline,Bus,1,confirmed,,,Van-D,,
Nissan,Caball,Pickup,Baseline,Commercial,1,confirmed,,,Pickup-D,,
Mini Coper,City,Hatchback,Highline,Passenger,1,confirmed,,,HB,,
Ferari,PISTA 488,Sports car,Highline,Passenger,1,confirmed,,,Sport,,
Mercedes,GLK,SUV,Highline,Passenger,1,needs_review,agent-to-propose,highline size 'SUV-4' mapped to 'SUV' by assuming numeric 1-5 = letter A-E,SUV-4,awaiting agent proposal,
Chrysler,Pacifica,Crossover,Highline,Passenger,1,needs_review,agent-to-propose,highline size 'SUV-2' mapped to 'Crossover' by assuming numeric 1-5 = letter A-E,SUV-2,awaiting agent proposal,
Alfa Romeo,Junior,Sedan,Highline,Passenger,1,confirmed,,,Car-1,,
Mercedes,260,Sedan,Highline,Passenger,1,confirmed,,,Car-2,,
Porche,360,Sports car,Highline,Passenger,1,confirmed,,,Sport,,
Jaguar,X3,Sedan,Highline,Passenger,1,confirmed,,,Car-5,,
Lexus,RX 350,SUV,Highline,Passenger,1,needs_review,agent-to-propose,highline size 'SUV-4' mapped to 'SUV' by assuming numeric 1-5 = letter A-E,SUV-4,awaiting agent proposal,
Mercedes,e-240,Sedan,Highline,Passenger,1,confirmed,,,Car-3,,
Lincoln,Navigator,SUV,Highline,Passenger,1,needs_review,agent-to-propose,highline size 'SUV-5' mapped to 'SUV' by assuming numeric 1-5 = letter A-E,SUV-5,awaiting agent proposal,
Hyundai,GLS,Sedan,Baseline,Passenger,1,confirmed,,,Car-B,,
Maclaren,570s,Sports car,Highline,Passenger,1,confirmed,,,Sport,,
Mercedes,AMG GTR,Sports car,Highline,Passenger,1,confirmed,,,Sport,,
Maclaren,720s,Sports car,Highline,Passenger,1,confirmed,,,Sport,,
BMW,M135I,Hatchback,Highline,Passenger,1,confirmed,,,HB,,
Lotus,Evora,Sports car,Highline,Passenger,1,confirmed,,,Sport,,
AUDI,RS7,Sedan,Highline,Passenger,1,confirmed,,,Car-4,,
Porche,Porche,Sports car,Highline,Passenger,1,confirmed,,,Sport,,
AUDI,RS8,Sedan,Highline,Passenger,1,confirmed,,,Car-5,,
Maclaren,Artura,Sports car,Highline,Passenger,1,confirmed,,,Sport,,
Lexus,GX460,SUV,Highline,Passenger,1,needs_review,agent-to-propose,highline size 'SUV-5' mapped to 'SUV' by assuming numeric 1-5 = letter A-E,SUV-5,awaiting agent proposal,
Mini Coper,Oxford,Hatchback,Highline,Passenger,1,confirmed,,,HB,,
Mini Coper,Continental,Hatchback,Highline,Passenger,1,confirmed,,,HB,,
Jiangsu,Huazi,Hatchback,Baseline,Passenger,1,confirmed,,,Car HB-A,,
JIDU,Jiyue,Compact SUV,Baseline,Passenger,1,needs_review,agent-to-propose,,SUV-C,awaiting agent proposal,
Exeed,LX,Compact SUV,Baseline,Passenger,1,needs_review,agent-to-propose,,SUV-C,awaiting agent proposal,
Dongfeng,M5 EV,Van,Baseline,Bus,1,confirmed,,,Van-B,,
Chery,OMDA E5,Compact SUV,Baseline,Passenger,1,needs_review,agent-to-propose,,SUV-C,awaiting agent proposal,
BMW,1335L,Sedan,Highline,Passenger,1,confirmed,,,Car-3,,
Changan,UNI-S,Compact SUV,Baseline,Passenger,1,needs_review,agent-to-propose,,SUV-C,awaiting agent proposal,
Volkswagen,T7 MULTIVAN,Van,Baseline,Bus,1,confirmed,,,Van-E,,
Toyota,Highlander,SUV,Baseline,Passenger,1,needs_review,agent-to-propose,,SUV-D,awaiting agent proposal,
KIA,Sephia,Sedan,Baseline,Passenger,1,confirmed,,,Car-C,,
NIO,EL8,SUV,Highline,Passenger,1,needs_review,agent-to-propose,highline size 'SUV-5' mapped to 'SUV' by assuming numeric 1-5 = letter A-E,SUV-5,awaiting agent proposal,
Mazarati,GRAN TURISMO,Sports car,Highline,Passenger,1,confirmed,,,Sport,,
Dongfeng,DFAC,Truck,Baseline,Commercial,1,confirmed,,,Truck-L,,
Buick,VELITE 6,Compact SUV,Baseline,Passenger,1,needs_review,agent-to-propose,,SUV-C,awaiting agent proposal,
Wuling,F510S,Compact SUV,Baseline,Passenger,1,needs_review,agent-to-propose,,SUV-C,awaiting agent proposal,
Rising,R7,Compact SUV,Highline,Passenger,1,needs_review,agent-to-propose,highline size 'SUV-3' mapped to 'Compact SUV' by assuming numeric 1-5 = letter A-E,SUV-3,awaiting agent proposal,
Ferari,SF90XX,Sports car,Highline,Passenger,1,confirmed,,,Sport,,
Wuling,Bingo Plus,Crossover,Baseline,Passenger,1,needs_review,agent-to-propose,,SUV-B,awaiting agent proposal,
Wuling,F510C,Sedan,Baseline,Passenger,1,confirmed,,,Car-C,,
Sinogold,Junxing,Sedan,Baseline,Passenger,1,confirmed,,,Car-B,,
Lamborghini,Revuelto,Sports car,Highline,Passenger,1,confirmed,,,Sport,,
KIA,Bongo,Pickup,Baseline,Commercial,1,confirmed,,,Pickup-B,,
Maclaren,GT,Sports car,Highline,Passenger,1,confirmed,,,Sport,,
Honda,e:NY1,Crossover,Baseline,Passenger,1,needs_review,agent-to-propose,,SUV-B,awaiting agent proposal,
Kaiyi,E5,Sedan,Baseline,Passenger,1,confirmed,,,Car-B,,
AITO,M5,Crossover,Highline,Passenger,1,needs_review,agent-to-propose,highline size 'SUV-2' mapped to 'Crossover' by assuming numeric 1-5 = letter A-E,SUV-2,awaiting agent proposal,
Ineos,Grenadier,SUV,Baseline,Passenger,1,needs_review,agent-to-propose,,SUV-D,awaiting agent proposal,
MG,Cyperster,Sports car,Highline,Passenger,1,confirmed,,,Sport,,
Changan,Qiyuan,Sedan,Baseline,Passenger,1,confirmed,,,Car-C,,
Deepal,G315,SUV,Highline,Passenger,1,needs_review,agent-to-propose,highline size 'SUV-4' mapped to 'SUV' by assuming numeric 1-5 = letter A-E,SUV-4,awaiting agent proposal,
Changan,L7,Sedan,Baseline,Passenger,1,confirmed,,,Car-B,,
Toyota,Haice,Van,Baseline,Bus,1,confirmed,,,Van-D,,
SKY WORTH,K,Compact SUV,Baseline,Passenger,1,needs_review,agent-to-propose,,SUV-C,awaiting agent proposal,
Zotye,T300,Compact SUV,Baseline,Passenger,1,needs_review,agent-to-propose,,SUV-C,awaiting agent proposal,
DFSK,M4,MPV,Baseline,Passenger,1,confirmed,,,MPV,,
Forland,Commercial,Truck,Baseline,Commercial,1,confirmed,,,Truck-M/H,,
BYD,Seal 07,Sedan,Baseline,Passenger,1,confirmed,,,Car-D,,
Wuling,Mini EV,Hatchback,Baseline,Passenger,1,confirmed,,,Car HB-A,,
Mini Coper,Aceman,Hatchback,Highline,Passenger,1,confirmed,,,HB,,
FIAT,Wingamm,Van,Baseline,Bus,1,confirmed,,,Van-E,,
GAC,AION,Hatchback,Baseline,Passenger,1,confirmed,,,Car HB-C,,
Skyworth,K-I,Compact SUV,Baseline,Passenger,1,needs_review,agent-to-propose,,SUV-C,awaiting agent proposal,
Omoda,C5,Compact SUV,Baseline,Passenger,1,needs_review,agent-to-propose,,SUV-C,awaiting agent proposal,
Volkswagen,Grand California,Van,Baseline,Bus,1,confirmed,,,Van-E,,
Skoda,Octavia RS,Sedan,Baseline,Passenger,1,confirmed,,,Car-C,,
Skyworth,ET5,Compact SUV,Baseline,Passenger,1,needs_review,agent-to-propose,,SUV-C,awaiting agent proposal,
MAN,Truck,Truck,Baseline,Commercial,1,confirmed,,,Truck-M/H,,
Arcfox,aS5,Sedan,Baseline,Passenger,1,confirmed,,,Car-B,,
FIAT,E-ULYSSE,Van,Baseline,Bus,1,confirmed,,,Van-D,,
Dongfeng,Captain V,Van,Baseline,Bus,1,confirmed,,,Van-D,,
JMEV,EVEASY EV3,Crossover,Baseline,Passenger,1,needs_review,agent-to-propose,,SUV-B,awaiting agent proposal,
Ferari,Spider,Sports car,Highline,Passenger,1,confirmed,,,Sport,,
Mini Coper,Convertible,Hatchback,Highline,Passenger,1,confirmed,,,HB,,
Denza,B8,SUV,Highline,Passenger,1,needs_review,agent-to-propose,highline size 'SUV-5' mapped to 'SUV' by assuming numeric 1-5 = letter A-E,SUV-5,awaiting agent proposal,
JAC,E30X,Crossover,Baseline,Passenger,1,needs_review,agent-to-propose,,SUV-B,awaiting agent proposal,
BYD,Tang,Compact SUV,Baseline,Passenger,1,needs_review,agent-to-propose,,SUV-C,awaiting agent proposal,
Leapmotor,C10,Compact SUV,Baseline,Passenger,1,needs_review,agent-to-propose,,SUV-C,awaiting agent proposal,
BYD,e7,Sedan,Baseline,Passenger,1,confirmed,,,Car-C,,
Honda,S7,Crossover,Baseline,Passenger,1,needs_review,agent-to-propose,,SUV-B,awaiting agent proposal,
Deepal,S09,SUV,Baseline,Passenger,1,needs_review,agent-to-propose,,SUV-D,awaiting agent proposal,
Fisker,Ocean,Compact SUV,Baseline,Passenger,1,needs_review,agent-to-propose,,SUV-C,awaiting agent proposal,
BYD,M9,MPV,Baseline,Passenger,1,confirmed,,,MPV-C,,
JMMC,D77,Minibus,Baseline,Bus,1,confirmed,,,Mid-Bus,,
Zeekr,Mix,MPV,Baseline,Passenger,1,confirmed,,,MPV-C,,
Porche,Targa,Sports car,Highline,Passenger,1,confirmed,,,Sport,,
Ferari,Cilindri 12,Sports car,Highline,Passenger,1,confirmed,,,Sport,,
Landrover,Range Rover,SUV,Highline,Passenger,1,needs_review,agent-to-propose,highline size 'SUV-5' mapped to 'SUV' by assuming numeric 1-5 = letter A-E,SUV-5,awaiting agent proposal,
Yangwang,U7,Sedan,Highline,Passenger,1,confirmed,,,Car-4,,
Stelato,S9,Sedan,Highline,Passenger,1,confirmed,,,Car-4,,
Proton,Exora,MPV,Baseline,Passenger,1,confirmed,,,MPV-B,,
Hyundai,HD Series,Truck,Baseline,Commercial,1,confirmed,,,Truck-M/H,,
BYD,Atto8,SUV,Highline,Passenger,1,needs_review,agent-to-propose,highline size 'SUV-4' mapped to 'SUV' by assuming numeric 1-5 = letter A-E,SUV-4,awaiting agent proposal,
FORD,F-150,Pickup,Baseline,Commercial,1,confirmed,,,Pickup-E,,
Xpeng,G7,Compact SUV,Highline,Passenger,1,needs_review,agent-to-propose,highline size 'SUV-3' mapped to 'Compact SUV' by assuming numeric 1-5 = letter A-E,SUV-3,awaiting agent proposal,
Jetour,G700,SUV,Baseline,Passenger,1,needs_review,agent-to-propose,,SUV-D,awaiting agent proposal,
Volkswagen,Arteon,Sedan,Baseline,Passenger,1,confirmed,,,Car-D,,
NASR,924,Bus,Baseline,Bus,1,confirmed,,,Large Bus,,
NASR,2100,Bus,Baseline,Bus,1,confirmed,,,Large Bus,,
NASR,974,Bus,Baseline,Bus,1,confirmed,,,Large Bus,,
Omada,E5,Sedan,Baseline,Passenger,1,confirmed,,,Car-C,,
BAIC,BJ40e,SUV,Baseline,Passenger,1,needs_review,agent-to-propose,,SUV-D,awaiting agent proposal,
