brand,norm_key,model,volume,n_spellings,raw_spellings,status
Chevrolet,tfr,T-Series,71736,1,TFR,confirmed
Nissan,صاني,Sunny,62627,1,صانى,confirmed
KIA,سبورتاج,Sportage,33419,1,سبورتاج,confirmed
Toyota,كورولا,Corolla,32992,1,كورولا,confirmed
Hyundai,توسان,Tucson,25838,1,توسان,confirmed
MG,zs,MGZS,23894,1,ZS,confirmed
Hyundai,النترا,Elantra,21857,1,النترا,confirmed
Chery,تيجو7,Tiggo7,21775,1,تيجو7,confirmed
MG,5,MG5,21174,1,5,confirmed
FIAT,تيبو,Tipo,20033,1,تيبو,confirmed
Chevrolet,npr,NPR 66,19890,1,N P R,confirmed
BYD,f3,F3,19681,1,F3,confirmed
Chery,اريزو5,Arizo5,15785,1,اريزو 5,confirmed
Skoda,كودياك,Kodiaq,15726,1,كودياك,confirmed
Volkswagen,تيجوان,Tiguan,12734,1,تيجوان,confirmed
Chevrolet,اوبترا,Optra,12721,1,اوبترا,confirmed
Nissan,سنترا,Sentra,12256,1,سنترا,confirmed
Skoda,اوكتافيا,Octavia,11532,1,اوكتافيا,confirmed
Chery,تيجو3,Tiggo3,10287,1,تيجو 3,confirmed
Peugeot,3008,3008,10182,1,3008,confirmed
Suzuki,dzire,Dzire,9882,1,DZIRE,confirmed
Suzuki,سويفت.,Swift,9790,1,سويفت.,confirmed
King Long,xmq6500,XMQ6500,9386,1,XMQ6500,confirmed
Chevrolet,n300,Van (N300 Series),9225,1,N300,confirmed
GoldenDragon,دراجون,Van,8369,1,دراجون,confirmed
MG,rx5,RX5,8332,2,RX5 | RX 5,confirmed
Hyundai,اكسنتrb,Accent,8282,1,اكسنت RB,confirmed
Renault,ميجان,Megan,8141,1,ميجان,confirmed
Suzuki,سوزوكيميكروباص,SuperCarry,7720,1,سوزوكى ميكروباص,confirmed
Chery,تيجو8,Tiggo8,7032,1,تيجو 8,confirmed
Hyundai,اكسنت,Accent,6882,1,أكسنت,confirmed
Mercedes,c180,C-Class,6867,1,C-180,confirmed
Citroen,c5,C5,6708,2,C5 | C 5,confirmed
Mitsubishi,xpander,Xpander,6170,2,XPANDER | xpander,confirmed
SEAT,ابيزا,Ibiza,5964,1,ابيزا,confirmed
KIA,اكسيد,Xceed,5877,1,اكسيد,confirmed
KIA,سيراتو,Cerato,5848,1,سيراتو,confirmed
Chery,اريزو,Arizo5,5618,1,اريزو,confirmed
Chery,تيجو4برو,Tiggo4 Pro,5567,1,تيجو 4 برو,confirmed
Renault,داستر,Duster,5565,1,داستر,confirmed
Mercedes,e200,E-Class,5427,1,E200,confirmed
OPEL,جراندلاند,Grandland,5390,1,جراند لاند,confirmed
Suzuki,ciaz,Ciaz,5355,1,CIAZ,confirmed
Abaza,null,Truck,5290,2,NULL | null,confirmed
MG,6,MG6,5261,1,6,confirmed
Toyota,فورتشنر,Fortuner,5177,2,فورتشنر | فور تشنر,confirmed
Chevrolet,nqr71,NQR 71,5069,1,NQR 71,confirmed
Chevrolet,كابتيفا,Captiva,5061,1,كابتيفا,confirmed
Nissan,qashqai,Qashqai,4204,1,Qashqai,confirmed
LADA,granta,Granta,4165,1,GRANTA,confirmed
Jetour,x70,X70,4070,1,x70,confirmed
MG,اتشاس,HS,4069,1,اتش اس,confirmed
Suzuki,فان,SuperCarry,3971,1,فان,confirmed
Mercedes,c200,C-Class,3926,1,C200,confirmed
Mitsubishi,اكليبسكروس,Eclipse,3924,1,اكليبس كروس,confirmed
Peugeot,301,301,3894,1,301,confirmed
Jetour,t2,T2,3884,2,T- 2 | T2,confirmed
AUDI,q3,Q3,3861,1,Q3,confirmed
Chery,tiggo,Tiggo3,3853,1,Tiggo,confirmed
Hyundai,النتراad,Elantra,3803,1,النترا AD,confirmed
Hyundai,النتراhd,Elantra,3733,1,النترا HD,confirmed
BAIC,u5plus,U5 PLUS,3703,1,U5 PLUS,confirmed
MG,one,One,3576,1,one,confirmed
SEAT,ateca,Ateca,3476,2,ATECA | ateca,confirmed
Proton,ساجا,Saga,3460,1,ساجا,confirmed
Toyota,هايلوكس,Hilux,3393,1,هاىلوكس,confirmed
Changan,cs55plus,CS55 Plus,3313,2,CS55 PLUS | cs55 plus,confirmed
Peugeot,5008,5008,3288,1,5008,confirmed
Toyota,هايايس,Hi Ace,3278,1,هاي ايس,confirmed
Peugeot,2008,2008,3238,1,2008,confirmed
Suzuki,اسبريسو,Spresso,3165,1,اسبريسو,confirmed
FIAT,x500,500x,3164,1,x500,confirmed
KGM,torres,Torres,3143,1,TORRES,confirmed
Toyota,هايس,Hi Ace,3116,1,هايس,confirmed
Renault,لوجان,Logan,3100,1,لوجان,confirmed
Haval,h6,H6,3064,2,H6 | h6,confirmed
Nissan,قشقاي,Qashqai,3008,1,قشقاى,confirmed
Geely,coolray,Coolray,2995,1,coolray,confirmed
Mitsubishi,eclipse,Eclipse,2959,1,ECLIPSE,confirmed
Jetour,x70plus,X70 Plus,2927,1,x70 plus,confirmed
Mercedes,glc200,GLC,2893,1,GLC200,confirmed
Mercedes,glc300,GLC,2874,2,glc300 | GLC300,confirmed
Suzuki,بالينو,Baleno,2873,1,بالينو,confirmed
OPEL,كروسلاند,Crossland,2845,1,كروسلاند,confirmed
Renault,سانديرو,Sandero,2767,1,سانديرو,confirmed
Toyota,بيلتا,Belta,2760,1,بيلتا,confirmed
Geely,gx3pro,GX3,2740,1,GX3 PRO,confirmed
Volkswagen,باسات,Passat,2725,1,باسات,confirmed
Chevrolet,ltz,Malibu,2640,1,LTZ,confirmed
Subaru,xv,XV,2612,1,xv,confirmed
KIA,سورينتو,Sorento,2581,1,سورينتو,confirmed
Mitsubishi,كانتر,Canter,2579,1,كانتـر,confirmed
Mercedes,gle450,GLE,2561,2,GLE450 | gle 450,confirmed
OPEL,موكا,Mokka,2556,1,موكا,confirmed
DFSK,glory,Glory,2554,1,GLORY,confirmed
Jetour,x90plus,X90 Plus,2540,1,X90 PLUS,confirmed
Renault,taliant,Taliant,2537,1,Taliant,confirmed
Chevrolet,اوبتراlt,Optra,2472,1,أوبترا LT,confirmed
Citroen,c4x,C4x,2376,1,C4X,confirmed
OPEL,كورسا,Corsa,2348,1,كورسا,confirmed
Chery,تيجو7برو,Tiggo7 Pro,2328,1,تيجو7 برو,confirmed
Isuzu,tfb6sf,D-MAX,2299,1,TFB6SF,confirmed
Peugeot,508,508,2279,1,508,confirmed
Renault,austral,Austral,2272,1,AUSTRAL,confirmed
Peugeot,408,408,2221,1,408,confirmed
Mercedes,cla200,CLA,2186,1,CLA200,confirmed
SEAT,ليون,Leon,2182,1,ليــون,confirmed
Mercedes,gla200,GLA,2150,1,GLA200,confirmed
Soueast,s05,S05,2142,1,S05,confirmed
Nissan,d22,Pickup,2098,1,D 22,confirmed
FORD,فوكاس,Focus,2086,1,فوكاس,confirmed
Haval,jolion,Jolion,2079,1,jolion,confirmed
Toyota,راش,Rush,2071,1,راش,confirmed
JAC,js2,S2,2068,1,js2,confirmed
SEAT,ارونا,Arona,2062,1,ارونا,confirmed
SEAT,leon,Leon,2029,1,Leon,confirmed
Chevrolet,nkr,N-Series,2028,1,NKR,confirmed
Isuzu,d-max,D-MAX,2021,1,D-MAX,confirmed
Hyundai,توسانnx4,Tucson,2019,1,توسان NX4,confirmed
Nissan,juke,Juke,1967,1,juke,confirmed
Suzuki,ارتيجا,Ertiga,1952,1,ارتيجا,confirmed
SEAT,tarraco,Tarraco,1943,1,TARRACO,confirmed
JEEP,رينجيد,Renegade,1899,1,رينجيد,confirmed
Jetour,dashing,Dashing,1855,1,DASHING,confirmed
Chery,تيجو4,Tiggo4,1734,1,تيجو 4,confirmed
Jetour,داشينج,Dashing,1730,1,داشينج,confirmed
KIA,k3,K3,1723,1,k3,confirmed
Citroen,c-elysse,C-Elysee,1721,1,C-elysse,confirmed
Shineray,x30,X30,1713,1,x30,confirmed
MG,7,MG7,1710,1,7,confirmed
GoldenDragon,dragon,Van,1688,1,Dragon,confirmed
Hyundai,كريتا,Creta,1677,1,كريتا,confirmed
BMW,x1,X1,1665,2,X1 | X 1,confirmed
Skoda,سوبيرب,Superb,1660,1,سوبيرب,confirmed
JEEP,جراندشيروكي,Grand Cherokee,1640,1,جراند شيروكى,confirmed
Soueast,s07,S07,1634,1,S07,confirmed
Citroen,c4,C4,1587,2,C4 | C 4,confirmed
JMC,150p,150P,1565,1,150p,confirmed
Hyundai,بايون,Bayon,1537,1,بايون,confirmed
Chery,تيجو8برو,Tiggo8 Pro,1537,1,تيجو 8 برو,confirmed
MG,hs,HS,1532,1,HS,confirmed
King Long,5030xjh,5030XJH,1531,1,5030XJH,confirmed
AUDI,a3,A3,1529,1,A3,confirmed
Cubra,terramar,Terramar,1519,1,TERRAMAR,confirmed
Geely,امجراند,Emegrand 7,1507,1,ام جراند,confirmed
Mitsubishi,اكليبس,Eclipse,1499,1,اكليبس,confirmed
BYD,songplus,Song Plus,1480,1,song plus,confirmed
JAC,j7,J7,1473,1,j7,confirmed
Citroen,c3,C3,1400,1,C3,confirmed
Mitsubishi,xpandercross,Xpander,1391,1,XPANDER CROSS,confirmed
Land Rover,velar,Velar,1375,1,VELAR,confirmed
Honda,crv,CR-V,1364,1,CRV,confirmed
BMW,320i,3-Series,1362,1,320I,confirmed
Mercedes,gls580,GLS,1319,1,gls580,confirmed
Jetour,x95,X95,1290,1,X95,confirmed
AUDI,q7,Q7,1288,1,Q7,confirmed
KIA,سيلتوس,Seltos,1272,1,سيلتوس,confirmed
Jetour,t1,T1,1272,1,T1,confirmed
Renault,كادجر,Kadjar,1269,1,كادجر,confirmed
BAIC,x55,X55,1261,1,X55,confirmed
Isuzu,td,D-MAX,1226,2,TD | T D,confirmed
Volkswagen,troc,T ROC,1199,1,troc,confirmed
Hyundai,i20,i20,1174,1,i20,confirmed
Changan,alsvin,Alsvin,1161,2,Alsvin | alsvin,confirmed
Hyundai,افانتي,Elantra (CN7),1154,1,افانتي,confirmed
Chevrolet,rt95,T-Series,1122,1,RT 95,confirmed
GAC,emzoom,Emzoom,1121,1,EMZOOM,confirmed
Chery,تيجو7promax,Tiggo7 Pro,1090,1,تيجو7 pro max,confirmed
Citroen,c-elysee,C-Elysee,1060,1,C-ELYSEE,confirmed
Mercedes,a200,A-Class,1056,1,A200,confirmed
Mercedes,e300,E-Class,1043,1,E300,confirmed
BMW,x5,X5,1032,2,X5 | X 5,confirmed
Renault,kardian,Kardian,1032,1,kardian,confirmed
GAC,empow,Empow,1030,1,EMPOW,confirmed
FIAT,دوبلو,Doblo,1029,1,دوبلو,confirmed
Soueast,s06,S06,1018,1,S06,confirmed
Land Rover,سبورت,Range Rover,1012,1,سبورت,confirmed
DS,7,DS7,1008,1,7,confirmed
BAIC,bj30e,BJ30e,992,1,BJ30e,confirmed
Honda,اكورد,Accord,972,1,اكورد,confirmed
BYD,songl,Song L,971,1,SONG L,confirmed
Geely,okavango,Okavango,968,1,okavango,confirmed
BMW,i320,3-Series,963,1,I 320,confirmed
Toyota,لاندكروزر,Land Cruiser,962,2,لاندكروزر | لاند كروزر,confirmed
KYC,v3,V3,958,3,V3 | v3 | v 3,confirmed
Skoda,كاروك,Karoq,955,1,كاروك,confirmed
Volvo,xc40,XC40,948,1,XC 40,confirmed
Changan,cs55,CS55,941,2,cs55 | CS55,confirmed
Mercedes,4048,4048,932,1,4048,confirmed
BMW,x6,X6,925,2,X6 | X 6,confirmed
Cubra,فورمينتور,Formentor,917,1,فورمينتور,confirmed
Jetour,x70fl,X70,897,1,X70 FL,confirmed
BMW,x3,X3,881,2,X3 | x3,confirmed
Suzuki,التو,Alto,872,2,التـو | التو,confirmed
Zemex,gdq6501/a2,Zemex,866,1,GDQ6501/A2,confirmed
Nissan,s/c,Pickup,863,1,S/C,confirmed
Mercedes,a180,A-Class,859,1,A180,confirmed
Nissan,بيكاب\t,Pickup,838,1,بيك أب\t,confirmed
Foton,foton,View,830,1,FOTON,confirmed
KGM,تيفولي,Tivoli,826,1,تيفولى,confirmed
BAIC,x3,X3,821,2,X3 | x3,confirmed
Changan,cs15,CS15,819,2,cs15 | CS15,confirmed
Volvo,xc60,XC60,810,1,XC60,confirmed
Volkswagen,id4,ID4,799,2,ID.4 | ID4,confirmed
Suzuki,فيتارا,Vitara,786,1,فيتارا,confirmed
OPEL,استرا,Astra,765,1,استــرا,confirmed
JAC,js4,J4,761,2,js4 | JS4,confirmed
BMW,520i,5-Series,758,1,520I,confirmed
Honda,سيفيك,Civic,731,1,سيفيك,confirmed
Honda,zr-v,ZR-V,730,1,ZR-V,confirmed
Skoda,سوبربي,Superb,727,1,سوبر بى,confirmed
AUDI,a5,A5,724,1,A5,confirmed
MG,gt,GT,715,1,GT,confirmed
MG,mg5,MG5,710,1,MG5,confirmed
Brilliance,جنبي,Jinbie,707,2,جن بي | جن بى,confirmed
BYD,l3,L3,699,1,L3,confirmed
Toyota,chr,C-HR,693,2,CHR | chr,confirmed
JAC,js3,J3,691,1,JS3,confirmed
Foton,bj6489b1pwa,View,685,1,BJ6489B1PWA,confirmed
Nissan,160,Pickup,666,1,160,confirmed
DFSK,null,K07S,655,2,null | NULL,confirmed
BAIC,x7,X7,651,1,x7,confirmed
Volvo,xc90,XC90,649,2,xc90 | XC90,confirmed
Nissan,d/c,Pickup,648,1,D/C,confirmed
Zemex,null,Zemex,633,2,NULL | null,confirmed
KIA,كارينز,Carens,631,1,كارينز,confirmed
Changan,ايدو,Eado,631,1,ايدو,confirmed
BMW,x4,X4,620,1,X4,confirmed
Toyota,اوربانكروزر,Urban Cruise,619,1,اوربان كروزر,confirmed
Mitsubishi,اتراج,Attrage,615,1,اتراج,confirmed
Mitsubishi,اوتلاندر,Outlander,614,1,اوت لاندر,confirmed
Mercedes,mcv600,MCV450,603,2,MCV 600 | MCV600,confirmed
Chevrolet,nq71r,NQR 71,601,1,nq71r,confirmed
Mitsubishi,gb,Eclipse,593,1,GB,confirmed
Toyota,كوستر,Coaster,589,1,كوستر,confirmed
JAC,s3,S3,588,1,S 3,confirmed
Skoda,كاميك,Kamiq,584,1,كاميك,confirmed
BMW,i520,5-Series,584,1,I 520,confirmed
Land Rover,evoque,Evoque,578,1,evoque,confirmed
Volkswagen,جولف,Golf,574,1,جولف,confirmed
Chevrolet,qmr55lht,QMR,569,1,QMR55L HT,confirmed
Soueast,s09,S09,569,1,S09,confirmed
Volkswagen,tayron,Tayron,566,1,TAYRON,confirmed
ROX,1,1,564,1,1,confirmed
Chery,تيجو8بروماكس,Tiggo8 Pro Max,560,1,تيجو 8 برو ماكس,confirmed
Volkswagen,id4crozz,ID4,555,1,id4_ crozz,confirmed
Nissan,gok,Juke,520,1,GOK,confirmed
Mercedes,eqa260,EQA,518,1,EQA 260,confirmed
AUDI,q2,Q2,512,1,Q2,confirmed
Suzuki,سوبركاري,SuperCarry,504,1,سوبر كارى,confirmed
Chery,tiggo4pro,Tiggo4 Pro,504,1,TIGGO 4PRO,confirmed
Changan,cs35,CS35,502,3,C S35 | CS35 | cs35,confirmed
Nissan,اكستريل,X-Trail,501,1,اكس تريل,confirmed
AUDI,q8,Q8,501,2,Q8 | Q 8,confirmed
Volkswagen,id6,ID6,490,2,ID.6 | ID6,confirmed
Chevrolet,2500,T-Series,486,1,2500,confirmed
Chevrolet,ميديباص,Mini Bus,480,1,ميدى باص,confirmed
AUDI,a4,A4,480,1,A4,confirmed
Nissan,بيكاب,Pickup,477,1,بيك أب,confirmed
Mercedes,بنز,C-Class,469,1,بنـز,confirmed
Kaiyi,x3pro,X3,468,1,X3 PRO,confirmed
Forthing,t5evo,T5 Evo,457,1,T5 evo,confirmed
Isuzu,tfr,D-MAX,452,2,T F R | TFR,confirmed
Porche,ماكان,Macan,448,1,ماكان,confirmed
Mercedes,سي180,C-Class,448,1,سى 180,confirmed
Chevrolet,ماليبو,Malibu,443,1,ماليبو,confirmed
Suzuki,vtl,Vitara,439,1,vtl,confirmed
KIA,كارنيفال,Carnival,434,1,كارنيفال,confirmed
Changan,cs35plus,CS35 Plus,433,1,CS35 PLUS,confirmed
Chevrolet,qkr55l,QKR,429,1,QKR 55L,confirmed
BMW,ix3,IX3,429,1,IX3,confirmed
Changan,uni-t,UNI-T,425,1,UNI-T,confirmed
Shineray,null,X30,408,2,NULL | null,confirmed
Isuzu,nbr,N-Series,408,1,NBR,confirmed
Porche,كايين,Cayenne,408,1,كايين,confirmed
Renault,كادجار,Kadjar,403,1,كادجار,confirmed
BYD,seagull,Seagull,389,2,SEAGULL | Seagull,confirmed
Zeekr,7x,7,387,1,7X,confirmed
King Long,ki8,ki8,380,1,ki8,confirmed
Mercedes,cla180,CLA,374,1,CLA180,confirmed
Suzuki,سيليرو,Celerio,370,1,سيليرو,confirmed
Honda,سيتي,City,368,1,سيتى,confirmed
Mercedes,eqe350,EQE,368,2,EQE 350 | EQE350,confirmed
Nissan,x-trail,X-Trail,366,1,X-Trail,confirmed
Exeed,rx,RX,358,1,RX,confirmed
JMC,lml150,150P,357,3,lml150 | LML150 | LML 150,confirmed
Mitsubishi,ميراج,Mirage,345,1,ميراج,confirmed
Porche,ماكانt,Macan,345,1,ماكان T,confirmed
Joylong,null,Van,341,2,null | NULL,confirmed
Toyota,urbancruiser,Urban Cruise,341,1,urban cruiser,confirmed
Toyota,يارس,Yaris,328,1,يارس,confirmed
Nissan,نافارا,Navara,326,1,نافارا,confirmed
GMC,acadia,Acadia,320,1,Acadia,confirmed
BMW,218i,2-Series,319,1,218i,confirmed
DFSK,dfsk,Eagle,313,4,DFSK | Dfsk | dfsk | d fsk,confirmed
Mercedes,s450,S-Class,313,1,S450,confirmed
KIA,k4,K4,313,1,K4,confirmed
KIA,بيكانتو,Picanto,312,1,بيكانتو,confirmed
Mercedes,g63,GT,311,1,G63,confirmed
Toyota,كرولاصالون,Corolla,309,1,كرولا صالون,confirmed
Avatr,12,12,307,1,12,confirmed
Mercedes,eqe500,EQE,306,2,EQE 500 | EQE500,confirmed
BMW,x2,X2,305,1,X 2,confirmed
Isuzu,npr,NPR,304,1,NPR,confirmed
MG,mg4,MG4 EV,294,1,MG4,confirmed
Jaguar,f-pace,F-PACE,292,1,F-PACE,confirmed
Hyundai,h350,H350,287,1,H350,confirmed
BMW,i3,i3,276,1,i3,confirmed
Isuzu,npr6sn,N-Series,275,1,NPR6SN,confirmed
DS,4,DS4,269,1,4,confirmed
JAC,s4,S4,268,1,s4,confirmed
BMW,x7,X7,264,1,x7,confirmed
Mercedes,سبرنتر,Sprinter,259,1,سبرنتر,confirmed
Mini Coper,كوبر,Coper,259,2,كوبر | كوبــر,confirmed
BMW,420i,4-Series,258,1,420i,confirmed
Zemex,جنبي,Zemex,257,1,جنبي,confirmed
Geely,كلوراي,Coolray,257,1,كلوراى,confirmed
Hyundai,i30,i30,256,1,I 30,confirmed
Volkswagen,id6crozz,ID6,256,1,ID.6 CROZZ,confirmed
Hyundai,سانتافي,Santafe,250,1,سانتافى,confirmed
Alfa Romeo,جوليا,Giulia,249,1,جوليا,confirmed
GAC,emkoo,Emkoo,248,1,EMKOO,confirmed
DFSK,eagle,Eagle,245,1,eagle,confirmed
Soueast,null,V3,245,2,null | NULL,confirmed
Chevrolet,لاسيتا,Lacete,243,1,لاسيتا,confirmed
Soueast,dx8s,DX8S,243,1,DX8S,confirmed
KIA,سرنتو,Sorento,240,1,سرنتو,confirmed
Mitsubishi,باجيرو,Pajero,238,1,باجيرو,confirmed
Zeekr,1,1,238,1,1,confirmed
Xpeng,g9,G9,238,1,G9,confirmed
Bestune,bestunet55,T55,236,2,bestune T55 | BESTUNE T55,confirmed
Skoda,سوبربامبتيشن,Superb,233,1,سوبرب امبتيشن,confirmed
Renault,دوكر,Dokker,232,1,دوكر,confirmed
Mercedes,v300,V-Class,232,1,V300,confirmed
Skoda,اوكتافياامبيشن,Octavia,229,1,اوكتافيا امبيشن,confirmed
Suzuki,fronx,Fronx,229,1,Fronx,confirmed
Mercedes,s500,S-Class,226,3,s 500 | S500 | S 500,confirmed
GAC,gs4max,GS4 MAX,226,1,GS4 MAX,confirmed
Deepal,s05,S05,226,1,S05,confirmed
JMC,null,150P,225,2,null | NULL,confirmed
FIAT,فرينو,Fiorino,224,1,فرينو,confirmed
Mitsubishi,gls,Eclipse,224,1,GLS,confirmed
Toyota,rumion,Rumion,224,1,rumion,confirmed
Haval,جوليان,Jolion,224,1,جوليان,confirmed
Haval,h7,H7,224,1,H7,confirmed
FIAT,ducato,Ducato,223,1,DUCATO,confirmed
Brilliance,h530,H530,218,1,h530,confirmed
Renault,express,Kangoo,218,1,EXPRESS,confirmed
Honda,hrv,HR-V,217,2,HRV | HR V,confirmed
Mercedes,cle200,CLE,217,1,CLE 200,confirmed
Kaiyi,x7,X7,211,1,x7,confirmed
Mercedes,4140,Truck,209,1,4140,confirmed
Mercedes,v250,V-Class,207,1,V 250,confirmed
Volkswagen,id4crozzpro,ID4,207,1,ID.4 CROZZ PRO,confirmed
Foton,viewcs2,View,206,1,VIEW CS2,confirmed
Mercedes,4142,Truck,204,1,4142,confirmed
Mercedes,b200,B-Class,204,1,B200,confirmed
Toyota,فليوز,Veloz,203,1,فليوز,confirmed
JMC,nkr,NKR,202,1,N KR,confirmed
Dongfeng,huge,Huge,201,1,HUGE,confirmed
Changan,eadoplus,Eado Plus,197,1,EADO PLUS,confirmed
Toyota,رش,Rush,196,1,رش,confirmed
JAC,js2smart,S2,196,1,Js2 smart,confirmed
Geely,emgrand,Emegrand 7,195,1,Emgrand,confirmed
Skoda,سكالا,Scala,193,1,سكالا,confirmed
Abaza,سايلو,Truck,191,1,سايلو,confirmed
Mitsubishi,l200,L 200,189,1,L200,confirmed
Geely,cityray,Cityray,189,1,Cityray,confirmed
Changan,uni-v,Uni-V,188,1,UNI-V,confirmed
Sandstorm,بيكاب,Sandstorm,186,1,بيك اب,confirmed
Suzuki,جراندفيتارا,Vitara,184,1,جراند فيتارا,confirmed
KIA,سبورتنج,Sportage,183,1,سبورتنج,confirmed
Nissan,ساني,Sunny,183,1,سانى,confirmed
Land Rover,hse,Range Rover,181,1,HSE,confirmed
FORD,ecosport,Ecosport,180,1,ECOSPORT,confirmed
Yutong,yutong,Bus,180,1,YUTONG,confirmed
Lynk &amp; Co,6,6,180,1,6,confirmed
Mercedes,e300e,E-Class e,179,1,E300e,confirmed
Subaru,crosstrek,Crosstrek,178,1,CROSSTREK,confirmed
Alfa Romeo,tonaleveloce,Tonale,178,1,TONALE VELOCE,confirmed
BYD,tangl,Tang L,178,1,TANG L,confirmed
DFSK,e5,E5,178,1,E5,confirmed
Bagage,qute,QUTE,177,2,qute | QUTE,confirmed
Hamco,epd25,epd25,176,1,epd25,confirmed
Mercedes,سبرنتر415,Sprinter,176,1,سبرنتر 415,confirmed
FORD,ايكوسبورت,Ecosport,175,1,ايكو سبورت,confirmed
Hyundai,i10,i10,175,1,I 10,confirmed
Nissan,d/23xe,Pickup,173,1,D/23XE,confirmed
JAC,s1,S1,173,1,S 1,confirmed
DFSK,c31,C31,173,1,C31,confirmed
GWM,null,Wingle5,170,2,null | NULL,confirmed
Mini Coper,c,Countryman,164,1,C,confirmed
BYD,sealion06,Sealion 6,164,1,SEA LION 06,confirmed
Yutong,null,Bus,161,2,null | NULL,confirmed
Dongfeng,a30,Aeolus,161,1,a30,confirmed
Mercedes,2136,Truck,160,1,2136,confirmed
Mercedes,sprinter415cdi,Sprinter 415,159,1,sprinter 415 CDI,confirmed
FIAT,فيورينو,Fiorino,159,1,فيورينو,confirmed
KIA,sonet,Sonet,158,1,SONET,confirmed
Changhe,m50s,M50S,157,2,M50S | M 50 S,confirmed
BAIC,bj30,BJ30,155,1,BJ30,confirmed
Foton,جرايتور,Gratour,153,1,جرايتور,confirmed
AUDI,a6,A6,153,1,A6,confirmed
Porche,كايينكوبيه,Cayenne,152,1,كايين كوبيه,confirmed
Mercedes,1725,Truck,150,1,1725,confirmed
KGM,actyon,Actyon,150,1,ACTYON,confirmed
Mercedes,eqs450,EQS,149,2,eqs 450 | EQS 450,confirmed
Mini Coper,كانتريمان,Countryman,148,1,كانترى مان,confirmed
Mercedes,4141,4141,147,1,4141,confirmed
Xpeng,g6,G6,146,1,G6,confirmed
KYC,x3,X3,145,2,X3 | x3,confirmed
Chevrolet,nqr,NQR 71,145,1,nqr,confirmed
Brilliance,v3,V6,144,2,V3 | v3,confirmed
Subaru,امبريزا,Impreza,141,1,امبريزا,confirmed
DS,ds7,DS7,139,2,DS7 | DS 7,confirmed
Mitsubishi,fuso,Fuzo,139,1,fuso,confirmed
Suzuki,جيمني,Jimny,138,1,جيمنى,confirmed
Zemex,zmx9001/d2,Zemex,138,1,ZMX 9001/D2,confirmed
LEVC,txlevc,TX Taxi,137,1,TX LEVC,confirmed
Bentley,بنتلي,Bentli,137,1,بنتلي,confirmed
BMW,530i,5-Series,137,1,530I,confirmed
MG,g50plus,G50 Plus,137,1,G50 plus,confirmed
Isuzu,kb,D-MAX,134,1,KB,confirmed
GMC,terrain,Terrain,134,1,terrain,confirmed
Geely,استارراي,Starray,134,1,استارراى,confirmed
Mercedes,s580,S-Class,134,2,s580 | S 580,confirmed
Mercedes,mcv500,MCV500,133,1,MCV500,confirmed
Changan,شنجان,New Star,133,1,شنجان,confirmed
King Long,kl8,KL8,133,1,KL8,confirmed
BYD,yuanplus,Yuan Plus,133,1,yuan plus,confirmed
Mercedes,b180,B-Class,133,1,B180,confirmed
Tesla,null,Null,133,2,NULL | null,confirmed
Dongfeng,box,Box,133,1,BOX,confirmed
Volkswagen,id6crozzpro,ID6,132,1,ID.6 CROZZ PRO,confirmed
Toyota,veloz,Veloz,130,1,VELOZ,confirmed
Mercedes,atego1725,Atego,129,1,ATEGO1725,confirmed
VGV,u70pro,U70 PRO,129,1,U70 PRO,confirmed
Volvo,ex30,EX30,128,1,ex30,confirmed
Volkswagen,id4x,ID4,127,1,ID4.x,confirmed
Toyota,hilux,Hilux,127,1,HILUX,confirmed
GAC,gs4,GS4,126,2,GS4 | gs4,confirmed
Land Rover,اوتوبيوجرافي,Range Rover,126,1,اوتوبيوجرافي,confirmed
GB,null,Bus,124,2,null | NULL,confirmed
Mazda,cx3,CX3,124,1,cx3,confirmed
KIA,سول,Soul,123,1,سول,confirmed
Victory,v1,V1,123,1,V1,confirmed
GMC,جيمي,Jimmy,122,1,جيــمى,confirmed
Mercedes,4040,4040,121,1,4040,confirmed
MCV,null,MCV,121,2,NULL | null,confirmed
Chevrolet,سبارك,Spark,121,1,سبارك,confirmed
Tesla,y,Model Y,121,1,y,confirmed
Mini Coper,كانتريمانc,Countryman,121,1,كانترى مان c,confirmed
Deepal,g318,G318,121,1,G318,confirmed
JMC,250,150P,120,1,250,confirmed
Avatr,11,11,120,1,11,confirmed
FORD,فيوجن,Fusion,119,1,فيوجن,confirmed
Hyundai,النتراmd,Elantra,119,1,النترا MD,confirmed
Mercedes,glc43,GLC,119,1,GLC43,confirmed
Toyota,لاندكروزgxr,Land Cruiser,117,1,لاند كروز GXR,confirmed
Mercedes,mcv240,MCV240,115,1,MCV240,confirmed
Haval,null,Jolion,115,2,null | NULL,confirmed
Mercedes,g500,G-Class,115,1,G500,confirmed
BMW,ix1,iX1,114,1,ix1,confirmed
KGM,torres,Torres,114,1,TORRES,confirmed
Mercedes,eqb260,EQB,114,1,EQB 260,confirmed
BMW,740i,7-Series,113,1,740I,confirmed
Xpeng,m03,M03,113,1,M03,confirmed
Mercedes,2140,Truck,112,1,2140,confirmed
Volkswagen,touareg,Tourag,111,1,Touareg,confirmed
Mercedes,amgg63,AMG G63,111,1,AMG G63,confirmed
GMC,انفوي,Envoy,110,1,انفوي,confirmed
Alfa Romeo,stelvlo,Stelvio,109,1,STELVLO,confirmed
Skoda,كودياكامبيشن,Kodiaq,108,1,كودياك امبيشن,confirmed
Suzuki,سيلاريو,Celerio,108,1,سيلاريو,confirmed
King Long,xmq5030,XMQ5030,108,1,XMQ5030,confirmed
BMW,x118i,X1,105,1,X1 18I,confirmed
Denza,leopard5,B5,105,1,leopard 5,confirmed
Mercedes,glc300e,GLC E,104,1,GLC300E,confirmed
BYD,yuanup,Yuan,103,1,Yuan up,confirmed
Mini Coper,s,S,103,1,S,confirmed
Changan,ايادو,Eado,102,1,ايادو,confirmed
Exeed,vx,VX,102,1,VX,confirmed
Avatr,7,7,102,1,7,confirmed
MCV,c120ev,c120 ev,100,1,c120 ev,confirmed
Mercedes,3342,Truck,99,1,3342,confirmed
Mercedes,eqb350,EQB,99,1,EQB350,confirmed
Mitsubishi,canter,Canter,98,1,canter,confirmed
Foton,فوتون,View,97,1,فوتون,confirmed
Mercedes,3348,3348,97,1,3348,confirmed
JAC,js8,JS8,97,1,JS8,confirmed
Volvo,b11r,B 11R,96,2,b11r | B11R,confirmed
KIA,ev5,EV5,95,1,EV5,confirmed
Toyota,bz3x,BZ3X,94,1,bZ3X,confirmed
Foton,bx,BX,93,1,BX,confirmed
Shacman,null,Shacman,93,2,NULL | null,confirmed
Mercedes,mcv260,MCV260,92,1,MCV260,confirmed
BMW,218,2-Series,92,1,218,confirmed
Toyota,برادو,Prado,91,1,برادو,confirmed
AUDI,q4,Q4,91,2,q4 | Q4,confirmed
Mercedes,glb200,GLB,91,1,GLB200,confirmed
Honda,e-np1,E-NP1,90,1,E-NP1,confirmed
BMW,330i,3-Series,90,1,330I,confirmed
JMC,nkr12e,NKR,89,2,NKR-12E | NKR-12 E,confirmed
BYD,songlev,Song L,89,1,SONG L EV,confirmed
Cadillac,اسكاليدا,Escalade,89,1,اسكاليدا,confirmed
Skania,p410,P-Series,88,1,P410,confirmed
FIAT,500,500,87,1,500,confirmed
IM,ls7,LS7,87,1,LS7,confirmed
Porche,كايينgts,Cayenne,87,1,كايينgts,confirmed
Nissan,باترول,Patrol,86,1,باترول,confirmed
Chevrolet,gmc,GMC,85,1,GMC,confirmed
Hyundai,hd170,HD-Series,85,1,HD 170,confirmed
Volvo,b8r,B 8R,85,1,B8R,confirmed
BAIC,x5,X5,85,1,X5,confirmed
BMW,118i,1-Series,85,1,118 I,confirmed
Deepal,s07,S07,85,1,S07,confirmed
DFSK,e5plus,E5 Plus,85,1,E5 PLUS,confirmed
Suzuki,se21v,Ciaz,84,1,SE21V,confirmed
Nissan,كيكس,Kicks,84,1,كيكس,confirmed
Jetour,x90,X95,84,1,X90,confirmed
BYD,tang,Tang L,84,1,TANG,confirmed
BMW,i5,i5,84,1,i5,confirmed
TATA,xenon,Xenon,82,2,Xenon | XENON,confirmed
Brilliance,haise,Jinbie,81,1,haise,confirmed
BYD,destroyer05,BYD,81,1,Destroyer 05,confirmed
Dongfeng,venuciastare4,Venucia,80,1,venucia star e4,confirmed
Mercedes,mcv400,MCV400,79,1,MCV400,confirmed
Hyundai,staria,Staria,79,1,staria,confirmed
Chery,شيري,Chery,78,1,شير ى,confirmed
Porche,كاييناس,Cayenne,78,1,كايين اس,confirmed
ROX,01,1,78,1,01,confirmed
JEEP,compass,Compass,77,1,COMPASS,confirmed
DFSK,dfekglory,Glory,77,1,DFEK GLORY,confirmed
Chevrolet,ايكونيكس,Equinox,77,1,ايكونيكس,confirmed
Bestune,bestune,B70,77,1,bestune,confirmed
Bestune,bestuneb70,B70,77,1,bestune  B70,confirmed
Brilliance,v6,V6,76,1,v6,confirmed
FIAT,642دوكاتو,Ducato,76,1,642 دوكاتو,confirmed
KIA,ريو,Rio,76,1,ريـــو,confirmed
Renault,k440,K-Series,76,1,K440,confirmed
Mercedes,clk200,CLK,76,1,CLK200,confirmed
Dayun,cgc4250,CGC4250,76,1,CGC4250,confirmed
Zeekr,x,X,74,2,x | X,confirmed
Chevrolet,66l,N-Series,73,1,66L,confirmed
Mercedes,gla180,GLA,73,1,GLA180,confirmed
Soueast,dx3,DX3,72,2,DX3 | dx3,confirmed
BAIC,m60,M60,72,1,m60,confirmed
Toyota,hiase,Hi Ace,71,1,HIASE,confirmed
DFSK,01s,K01S,71,1,01S,confirmed
Tesla,3,Model 3,71,1,3,confirmed
Alfa Romeo,stelvio,Stelvio,71,1,STELVIO,confirmed
JEEP,شيروكي,Grand Cherokee,70,1,شيروكى,confirmed
Dongfeng,a30shine,Aeolos,70,1,A30 SHINE,confirmed
Chery,اريزو8,Arizo8,70,2,اريزو 8 | اريزو8,confirmed
Chery,شيريتيجو4برو,Tiggo4 Pro,70,1,شيرى تيجو 4 برو,confirmed
MAN,19441,19441,69,1,19441,confirmed
Mercedes,eqs580,EQS SUV,69,1,EQS580,confirmed
Toyota,hiace,Hi Ace,68,1,HIACE,confirmed
King Long,glong,Glong,68,1,GLONG,confirmed
Land Rover,vogue,Vogue,68,2,VOGUE | vogue,confirmed
FAHD,null,Bus,67,2,null | NULL,confirmed
JAC,hfc1035k,HF-Series,67,1,hfc1035k,confirmed
KIA,k5,K5,67,1,k5,confirmed
Mercedes,c300,C-Class,67,1,C300,confirmed
Chery,tiggo9phev,Tiggo9 Pro,67,1,Tiggo 9 PHEV,confirmed
Mercedes,3342s,Truck,66,1,3342S,confirmed
Mercedes,3848,Truck,66,1,3848,confirmed
Mercedes,a35,A-Class,66,1,A35,confirmed
Alfa Romeo,جولييتا,Giulietta,66,1,جولييتا,confirmed
Isuzu,فاستر,Faster,65,1,فاستر,confirmed
Mazda,3,Mazda 3,64,1,3,confirmed
Chevrolet,bolt,Bolt,64,1,bolt,confirmed
Nissan,يورفان,Urvan,64,1,يورفان,confirmed
Soueast,dx7,DX7,64,1,DX7,confirmed
Bestune,bestunet77,T77,64,1,Bestune T77,confirmed
Joylong,joylong,Joylong,64,1,JOYLONG,confirmed
Mercedes,mcvc120,MCVC120,63,1,MCVC120,confirmed
Volkswagen,جيتا,Jetta,63,1,جيتا,confirmed
BMW,520,5-Series,63,1,520,confirmed
AUDI,q5,Q5,63,1,Q5,confirmed
Land Rover,فيلارp250,Velar,63,1,فيلار P250,confirmed
Skoda,اوكتافياa8,Octavia,63,1,اوكتافيا A8,confirmed
Honda,e:ns1,E-NP1,62,1,e:ns1,confirmed
Geely,starraysportgf,Starray,62,1,STARRAY SPORT GF,confirmed
MG,rx5plus,RX5,62,1,RX5 PLUS,confirmed
Nissan,2sc,Pickup,61,1,2SC,confirmed
Toyota,هاياسفان,Hi Ace,61,1,هاىاس فان,confirmed
Porche,تايكن,Taycan,61,1,تايكن,confirmed
Volkswagen,tiguan,Tiguan,61,1,TIGUAN,confirmed
Skoda,كودياكسبورت,Kodiaq,60,1,كودياك سبورت,confirmed
Mitsubishi,ميتسوبيشي,Lancer,60,1,ميتسوبيشى,confirmed
Hyundai,كونتي,County,60,1,كونتى,confirmed
Mazarati,grecale,Grecale,60,2,grecale | GRECALE,confirmed
Denza,leopard3,B3,60,1,Leopard 3,confirmed
Alfa Romeo,tonale,Tonale,59,1,tonale,confirmed
Suzuki,eeco,EECO,59,1,EECO,confirmed
Chery,x30,X30,58,1,x30,confirmed
Chevrolet,td,T-Series,57,1,TD,confirmed
BMW,ix,iX,57,2,IX | ix,confirmed
Peugeot,جيتي3008,3008,57,1,جي تي 3008,confirmed
JAC,js6,JS6,57,1,JS6,confirmed
Skoda,فابيا,Fabia,56,1,فابيـــا,confirmed
Alfa Romeo,stelvioveloce,Stelvio,56,1,STELVIO VELOCE,confirmed
Smart,model3,3,56,1,MODEL3,confirmed
Volkswagen,توراج,Tourag,55,1,توراج,confirmed
Dayun,yuehupure,Yuehu,55,1,YUEHU PURE,confirmed
Mercedes,cd415,CD415,55,1,cd415,confirmed
Mercedes,gt43,GT,55,1,GT43,confirmed
BMW,430i,4-Series,55,1,430i,confirmed
Mercedes,gle53,GLE,55,1,gle53,confirmed
Porche,كايينgtsكوبيه,Cayenne,55,1,كايين GTS كوبيه,confirmed
Mitsubishi,fe85cg6lbh2,FP517,54,1,FE85CG6LBH2,confirmed
Skania,p410lhv;ms,P-Series,54,1,p410 LHV;M S,confirmed
Hyundai,سوناتا,Sonata,54,1,سوناتا,confirmed
Toyota,لاندكروزبرادو,Prado,54,1,لاند كروز برادو,confirmed
Skoda,kodiaq,Kodiaq,54,1,kodiaq,confirmed
Peugeot,408gt,408,54,1,408GT,confirmed
Geely,starraypremium-gk,Starray,54,1,STARRAY PREMIUM-GK,confirmed
Xpeng,p7,P7,54,1,P7,confirmed
Dongfeng,شاينe2,Aeolos,54,1,شاين E2,confirmed
Skoda,كودياكاكتف,Kodiaq,53,1,كودياك اكتف,confirmed
Mercedes,3335,3335,53,1,3335,confirmed
Volvo,v60,V60,53,1,V 60,confirmed
FORD,ترانزيت,Transit,53,1,ترانزيت,confirmed
KYC,x5,X5,53,1,X5,confirmed
JAC,hfc313,HF-Series,53,1,HFC313,confirmed
Lamborghini,urus,Urus,53,1,urus,confirmed
Mercedes,3341,3341,52,1,3341,confirmed
Foton,vs3,VS3,52,1,VS3,confirmed
Chevrolet,tpr,T-Series,52,1,tpr,confirmed
Hyundai,توكسون,Tucson,52,1,توكسون,confirmed
Bestune,77bestune,T77,52,1,77bestune,confirmed
MG,امجي1,One,52,1,ام جى 1,confirmed
KGM,تيفولي,Tivoli,52,1,تيفولى,confirmed
BEI BEN,null,Truck,51,2,null | NULL,confirmed
JAC,j5,J5,51,2,J5 | j 5,confirmed
Soueast,dx5,DX5,51,2,DX5 | dx5,confirmed
Mercedes,cle300,CLE,51,1,CLE300,confirmed
Zemex,star,Zemex,51,1,star,confirmed
Volkswagen,واجن,Golf,50,1,واجن,confirmed
Volkswagen,teramont,Teramont,50,1,TERAMONT,confirmed
GMC,تيرين,Terrain,50,1,تيرين,confirmed
Land Rover,روفر,Range Rover,50,1,روفر,confirmed
Proton,اكزورا,Azura,49,1,اكزورا,confirmed
Mitsubishi,لانسر,Lancer,49,1,لانسـر,confirmed
Mercedes,2142,Truck,49,1,2142,confirmed
Honda,ensi,ENS1,49,1,ENSI,confirmed
Chery,eq7,EQ7,49,1,EQ7,confirmed
Dongfeng,e70pro,E70 Pro,48,1,E70 PRO,confirmed
BYD,qinplus,Qin Plus,48,1,QIN PLUS,confirmed
Mercedes,gl450,GLS,48,1,GL450,confirmed
Mazarati,grecalegt,Grecale,48,2,GRECALE GT | Grecale GT,confirmed
Dongfeng,ماجe3,Mage,48,1,ماج E3,confirmed
SEAT,تراكو,Tarraco,48,1,تراكو,confirmed
Volvo,fhd1364t,FH-Series,47,2,fhd13 64t | fhd1364t,confirmed
Mercedes,415cdi,Sprinter,47,1,415cdi,confirmed
Geely,starray,Starray,47,1,STARRAY,confirmed
BYD,plus,Yuan Plus,46,1,PLUS,confirmed
SANY,hqc42503s2s12c,Truck,46,1,HQC42503S2S12C,confirmed
Hamco,ebd30,ETD30,46,1,ebd30,confirmed
VGV,u70b,U70 PRO,46,1,U 70 B,confirmed
Porche,بوكستر718,Boxter,46,1,بوكستر718,confirmed
Mazarati,levante,Levante,46,2,LEVANTE | Levante,confirmed
BMW,i7,i7,46,1,I7,confirmed
Great Auto,z40,Z4,45,1,z40,confirmed
Volvo,fmxd1364,FM-Series,45,1,FMXD1364,confirmed
Shacman,shacman,Shacman,45,1,SHACMAN,confirmed
BYD,dolphin,Dolphin,45,1,DOLPHIN,confirmed
JAC,s2smart,S2,45,1,s2 smart,confirmed
Alfa Romeo,tonaleti,Tonale,45,1,TONALE TI,confirmed
Iveco,1.8000000000000001e+30,1.8000000000000001E+30,44,1,1.8000000000000001E+30,confirmed
FAHD,جراندتايجر,Grand Tiger,44,1,جراند تايجر,confirmed
Volvo,fmd1342,FM-Series,44,1,FMD1342,confirmed
DS,7rivoli,DS7,44,1,7 RIVOLI,confirmed
Smart,model1,1,44,1,MODEL1,confirmed
Lynk &amp; Co,2,2,44,1,2,confirmed
OPEL,null,Astra,43,2,null | NULL,confirmed
JAC,s2,S2,43,1,S 2,confirmed
Bentley,bentayga,Bentayga,43,1,Bentayga,confirmed
BMW,m4,M4,43,1,M4,confirmed
Suzuki,سيرنو,Celerio,42,1,سيرنو,confirmed
Chevrolet,جروف,Groove,42,1,جروف,confirmed
Geely,geometry,Geometry,42,1,geometry,confirmed
NETA,x,X,42,1,x,confirmed
Li Auto,l6,L6,42,1,L6,confirmed
King Long,null,Kinglong,41,2,null | NULL,confirmed
Chevrolet,اكوينوكس,Equinox,41,1,اكوينوكس,confirmed
Chevrolet,trax,Trax,41,1,TRAX,confirmed
Chevrolet,midi-bus71r,Mini Bus,41,1,MIDI-BUS 71R,confirmed
KIA,بيجاس,Pegas,41,1,بيجاس,confirmed
Toyota,bz4x,BZ4X,41,1,bz4x,confirmed
BMW,m340i,M3,41,1,M340I,confirmed
Volkswagen,lavida,Lavida,40,1,lavida,confirmed
GWM,جريتوول,Wingle5,40,1,جريت وول,confirmed
BYD,song,Song Plus,40,1,SONG,confirmed
Land Rover,ديسكفري,Discovery,40,2,ديسكفري | ديسكفرى,confirmed
Mercedes,cls350,CLS,40,1,CLS350,confirmed
DS,ds7pallas,DS7,40,1,ds7 pallas,confirmed
IM,im6,IM6,40,1,IM6,confirmed
Xiaomi,yu7,YU7,40,1,YU7,confirmed
LondonCap,null,LondonCap,39,2,NULL | null,confirmed
Foton,view,View,39,1,view,confirmed
Changhe,شانجي,Q35,39,1,شانجي,confirmed
Geely,gx3,GX3,39,1,GX3,confirmed
JAC,hfc3130,Truck,39,1,hfc3130,confirmed
Chery,اريزو6,Arizo6,39,1,اريزو 6,confirmed
TATA,xenonx2,Xenon,39,2,Xenon x2 | XENON X2,confirmed
Jaguar,e-pace,E-PACE,39,1,E-PACE,confirmed
Bentley,v8,V8,39,1,V8,confirmed
Changan,x5plus,X5 PLUS,39,1,X5 PLUS,confirmed
Deepal,deepal-g318,G318,39,1,DEEPAL-G318,confirmed
IM,im5,IM5,39,1,IM5,confirmed
Isuzu,gtb488,D-MAX,38,1,GTB488,confirmed
Nissan,rogue,Rogue,38,1,rogue,confirmed
BMW,z4,Z-Series,38,1,Z 4,confirmed
Mercedes,eqs500,EQS SUV,38,1,EQS500,confirmed
Alfa Romeo,giuliaveloce,Giulia,38,1,GIULIA VELOCE,confirmed
MAN,tgx40.480,TGX,38,1,tgx40.480,confirmed
Peugeot,308,308,37,1,308,confirmed
GWM,c30,C30,37,1,C 30,confirmed
BYD,e2,E2,37,1,E2,confirmed
Soueast,a5,A5,37,1,A5,confirmed
Land Rover,velarse-p250,Velar,37,1,VELAR SE-P250,confirmed
AUDI,q4e-tron40,Q4,37,1,Q4 E-TRON 40,confirmed
Lotus,emira,Emira,37,1,EMIRA,confirmed
Xiaomi,su7,SU7,37,1,SU7,confirmed
DS,ds3,DS3,36,2,ds3 | DS3,confirmed
Mercedes,240,Truck,36,1,240,confirmed
JAC,hfc3086,HF-Series,36,1,HFC3086,confirmed
Mercedes,3340,Truck,36,1,3340,confirmed
Bentley,flyingspur,FLYING SPUR,36,1,FLYING SPUR,confirmed
Land Rover,p530,Range Rover,36,1,P530,confirmed
Tesla,modely,Model Y,36,2,MODEL Y | MODELY,confirmed
SANY,525,525,36,1,525,confirmed
Volkswagen,id3,ID3,35,1,ID3,confirmed
Toyota,acevip,Hi Ace,35,1,ACE VIP,confirmed
Hyundai,ex9c/cab.elwb,EX9C/CAB.ELWB,35,1,EX9C/CAB.ELWB,confirmed
Mercedes,e350,E-Class,35,1,E350,confirmed
Dongfeng,7,7,35,1,7,confirmed
Ecoline,e10,Bus,34,1,E10,confirmed
Mercedes,4242,Truck,34,1,4242,confirmed
MG,gs,GS,34,1,GS,confirmed
Mercedes,3336,Truck,34,1,3336,confirmed
Porche,911,911,34,1,911,confirmed
Yutong,zk6128h,ZK6128H,34,1,ZK6128H,confirmed
Nissan,n7,N7,34,1,N7,confirmed
Volvo,x260,X270,33,1,X260,confirmed
Skoda,سوبرباكتيف,Superb,33,2,سوبرب اكتيف | سوبر ب اكتيف,confirmed
KGM,xlv,XLV,33,1,XLV,confirmed
Iveco,ml180e28,ML180E28,33,1,ML180E28,confirmed
BYD,han,Han L,33,1,HAN,confirmed
Porche,تاكان4s,Taycan,33,1,تاكان 4s,confirmed
Volvo,x290,X290,32,1,X290,confirmed
KIA,كارنس,Carens,32,1,كارنس,confirmed
GMC,سوبرفان,Supervan,32,1,سوبرفان,confirmed
Mercedes,sprinter,Sprinter,32,1,sprinter,confirmed
Bestune,33bestune,T33,32,1,33bestune,confirmed
Mercedes,200اي,I200,32,1,200أى,confirmed
Jaguar,f-type,F-TYPE,32,1,F-TYPE,confirmed
Land Rover,defender,Defender,32,1,defender,confirmed
Rolls Royce,cullinan,Cullinan,32,1,CULLINAN,confirmed
Mercedes,eqe300,EQE,32,1,EQE300,confirmed
Porche,كاريرا911,Carrera,32,1,كاريرا911,confirmed
Dongfeng,شاينe3,Aeolos,32,1,شاين E3,confirmed
Mitsubishi,fp517,FP517,31,1,fp517,confirmed
GMC,sierra1500,Sierra,31,1,sierra 1500,confirmed
Volvo,fmd1364t,FM-Series,31,1,fmd1364 t,confirmed
Soueast,dx7prime,DX7 PRIME,31,1,DX7 PRIME,confirmed
Mercedes,gt53,GT,31,1,gt 53,confirmed
Land Rover,svr,Range Rover,31,1,SVR,confirmed
Mercedes,600,600,31,1,600,confirmed
Toyota,لاندكروزربرادو,Prado,31,1,لاند كروزر برادو,confirmed
Geely,emgrandx7,X7,30,1,emgrand x7,confirmed
Kaiyi,x3,X3,30,2,X3 | x3,confirmed
Mercedes,4036,Truck,30,1,4036,confirmed
Skania,p460,P-Series,30,1,p460,confirmed
Skoda,kushaq,Kushaq,30,1,KUSHAQ,confirmed
Hyundai,ioniq5,Ioniq5,30,2,IONIQ 5 | ioniq5,confirmed
Shacman,x3000,Shacman,30,1,X3000,confirmed
Hyundai,h350.4.1trim.van,HD-Series,30,1,H350.4.1TRIM.VAN,confirmed
Bestune,bestuneb70s,B70S,30,1,bestune b70s,confirmed
Foton,bj6608b1dda-a2,View,30,1,BJ6608B1DDA-A2,confirmed
Hyundai,hd260,HD-Series,29,1,HD 260,confirmed
Hyundai,كونا,Kona,29,1,كونا,confirmed
Volkswagen,توارك,Tourag,29,1,توارك,confirmed
Toyota,لاندكروزرvxr,Land Cruiser,29,1,لاند كروزر VXR,confirmed
Porche,كاريرا,Carrera,29,1,كاريرا,confirmed
BYD,songplusev,Song Plus,29,1,SONG PLUS EV,confirmed
Iveco,ad380,AD380,28,1,AD380,confirmed
FORD,اسكيب,Escape,28,1,اسكيب,confirmed
Renault,k500,K-Series,28,1,K500,confirmed
Cubra,كوبرا,Cubra,28,1,كوبرا,confirmed
Subaru,فورستر,Forester,28,1,فورستر,confirmed
Skoda,كودياكambition,Kodiaq,28,1,كودياك AMBITION,confirmed
Wuling,wuling,Bingo,28,1,wuling,confirmed
BMW,x3i,IX3,28,2,X3I | X3 I,confirmed
BMW,i4,i4,28,1,I4,confirmed
Mercedes,sprinter516cdi,Sprinter,28,1,sprinter 516 CDI,confirmed
Hyundai,nx4e,Tucson,28,1,NX4e,confirmed
Volvo,fm64r,FM-Series,27,1,FM64R,confirmed
Victory,فيكتوري,Minibus,27,1,فيكتوري,confirmed
Hyundai,hi,H1,27,1,H I,confirmed
Skoda,سوبربسبورت,Superb,27,1,سوبرب سبورت,confirmed
Mercedes,3345,Truck,27,1,3345,confirmed
BYD,yuan,Yuan,27,1,yuan,confirmed
GAC,gs3,GS3,27,1,GS3,confirmed
Toyota,raize,Raize,27,1,RAIZE,confirmed
Mercedes,sprinter515cdi,Sprinter,27,1,SPRINTER 515CDI,confirmed
Porche,macan,Macan,27,1,Macan,confirmed
Mercedes,eqc400,EQC,27,1,EQC400,confirmed
Land Rover,evoquep160,Evoque,27,1,EVOQUE P160,confirmed
Nissan,plt11,plt11,26,1,plt11,confirmed
Toyota,null,Hi Ace,26,2,NULL | null,confirmed
BAIC,changhe,Changhe,26,1,changhe,confirmed
Volvo,c40,C40,26,1,C40,confirmed
Skoda,kamiq,Kamiq,26,1,kamiq,confirmed
Citroen,c5aircross,C5,26,1,C5 AIRCROSS,confirmed
Mercedes,a35amg,A-Class,26,1,A35 AMG,confirmed
Mercedes,a250e,A-Class e,26,1,A250e,confirmed
Wuling,yep,YEP,26,1,YEP,confirmed
Dongfeng,ماجe2,Mage,26,1,ماج E2,confirmed
Li Auto,l9,L9,26,1,L9,confirmed
Toyota,ميكروباص,Hi Ace,26,1,ميكروباص,confirmed
Chevrolet,mini-bus66l,Mini Bus,25,1,MINI-BUS 66L,confirmed
Foton,v31,C31,25,1,V31,confirmed
JAC,rein,Rein,25,1,REIN,confirmed
Changhe,q35,Q35,25,1,Q35,confirmed
MAN,tgm18290,TGM18.280,25,1,TGM 18 290,confirmed
Joylong,جويلونج,Joylong,25,1,جوى لونج,confirmed
GMC,sierra,Sierra,25,1,SIERRA,confirmed
Mercedes,slc180,S-Class,25,1,slc180,confirmed
Volkswagen,تايجوان,Tiguan,25,1,تايجوان,confirmed
Dongfeng,8,8,25,1,8,confirmed
Zoyte,z100,Z100,24,2,Z100 | z100,confirmed
Isuzu,lt,D-MAX,24,1,LT,confirmed
Chevrolet,كوبو,Camaro,24,1,كوبو,confirmed
Nissan,ستانزا,Sentra,24,1,ستانزا,confirmed
Hyundai,creta,Creta,24,1,creta,confirmed
KIA,ceed,Ceed,24,1,CEED,confirmed
Iveco,null,Iveco,24,2,null | NULL,confirmed
FIAT,فان238,Van,24,1,فان 238,confirmed
Nissan,اورفان,Urvan,24,1,اورفان,confirmed
Toyota,افانزا,Avanza,24,1,افانزا,confirmed
Dongfeng,null,Aeolos,24,2,NULL | null,confirmed
JEEP,رانجلر.,Wrangler,23,1,رانجلر.,confirmed
Changan,v7,V7,23,2,v 7 | v7,confirmed
Volvo,fmx480,FM-Series,23,1,FMX 480,confirmed
Hyundai,hd270dump,Construction,23,1,HD270 DUMP,confirmed
KIA,جراندسيراتو,Cerato,23,1,جراند سيراتو,confirmed
Porche,بوكستر,Boxter,23,1,بوكستر,confirmed
BMW,118,1-Series,23,1,118,confirmed
Jaguar,xe,XE,23,1,xe,confirmed
Land Rover,ديفندر,Defender,23,1,ديفندر,confirmed
Land Rover,p250se,Evoque,23,1,p250se,confirmed
Mercedes,s4504m,EQS,23,1,S450 4M,confirmed
Foton,bj660b1dda-a2,View,23,1,BJ660B1DDA-A2,confirmed
Nissan,سينترا,Sentra,23,1,سينترا,confirmed
Skania,p330,P-Series,22,1,P330,confirmed
Volvo,v50,V50,22,1,V 50,confirmed
Chevrolet,كامارو,Camaro,22,1,كامارو,confirmed
Hyundai,hd72c/c.lwb155ps,Construction,22,1,HD72C/C.LWB.155PS,confirmed
Renault,d280,D280,22,1,D280,confirmed
Mercedes,eqv300,EQV,22,1,EQV300,confirmed
Chevrolet,تربو,Captiva,22,1,تربو,confirmed
GMC,hummer,Hummer,22,1,hummer,confirmed
BMW,530,5-Series,22,1,530,confirmed
Mini Coper,f56xr31,F56,22,1,F56-XR31,confirmed
Mercedes,gla250,GLA,22,2,GLA250 | gla 250,confirmed
Bentley,كونتننتال,Continental,22,1,كونتننتال,confirmed
Mercedes,eqa350,EQA,22,1,EQA 350,confirmed
Mini Coper,كانتريمانs,Countryman,22,1,كانترى مان S,confirmed
Lamborghini,huracan,Huracan,22,1,HURACAN,confirmed
Mercedes,eqe43,EQE,22,1,EQE43,confirmed
Mercedes,maybachs580,S-Class,22,1,Maybach s 580,confirmed
Tesla,model3,Model 3,22,1,MODEL 3,confirmed
Xiaomi,su7max,SU7,22,1,SU7 MAX,confirmed
Mercedes,accelo915,Truck,22,1,ACCELO 915,confirmed
Mitsubishi,xforce,X FORCE,22,1,X FORCE,confirmed
FIAT,تمبو,Tipo,21,1,تمبو,confirmed
SEAT,ليونكوبرا,Leon Cubra,21,1,ليون كوبرا,confirmed
Renault,c440,C-Series,21,1,C440,confirmed
MAN,k408,K408,21,1,K408,confirmed
Volkswagen,id4pro,ID4,21,1,ID4 PRO,confirmed
Exeed,txl,TXL,21,1,TXL,confirmed
Toyota,bz3,BZ3,21,1,bz3,confirmed
BYD,seal,Seal,21,1,seal,confirmed
Genesis,gv70,GV70,21,1,gv70,confirmed
Porche,كايينsكوبيه,Cayenne,21,1,كايين S كوبيه,confirmed
Geely,coolraygk,Coolray,21,1,COOLRAY GK,confirmed
Land Rover,velarp250,Velar,21,1,VELAR P250,confirmed
GMC,yukon,Yukon,21,1,YUKON,confirmed
JMC,jx1044tc4,NKR,21,1,JX1044TC4,confirmed
Toyota,مينيباص,Coaster,21,1,مينى باص,confirmed
Chevrolet,افيو,Aveo,20,1,افيو,confirmed
Hyundai,فيرنا,Verna,20,1,فيرنا,confirmed
Citroen,gs,GS,20,1,GS,confirmed
Mercedes,4145,Truck,20,1,4145,confirmed
Skania,g460,G-Series,20,1,g 460,confirmed
Great Auto,z4,Z4,20,1,z4,confirmed
BYD,evplus,Yuan Plus,20,1,EV PLUS,confirmed
Volkswagen,id7,ID7,20,2,ID.7 | ID7,confirmed
BMW,320,3-Series,20,1,320,confirmed
Porche,كايمين,Cayman,20,1,كايمين,confirmed
Mercedes,e53,E-Class,20,1,E 53,confirmed
Mercedes,s680,S-Class,20,1,s680,confirmed
Land Rover,sv,Range Rover,20,2,sv | SV,confirmed
BMW,760i,7-Series,20,1,760i,confirmed
Deepal,deepals05,S05,20,1,Deepal S05,confirmed
Iveco,es8,ES8,19,1,ES8,confirmed
Mercedes,فيتو,Vito,19,1,فيتو,confirmed
MAN,33.36,33.36,19,1,33.36,confirmed
Toyota,urban,Urban Cruise,19,1,URBAN,confirmed
Land Rover,لاندروفرسبورت,Range Rover,19,1,لاند روفر سبورت,confirmed
Porche,باناميرا,Panamera,19,1,باناميرا,confirmed
Mercedes,gls450,GLS,19,1,GLS450,confirmed
Mercedes,sl43,SL-Class,19,1,SL43,confirmed
Land Rover,evoquep200,Evoque,19,1,EVOQUE P200,confirmed
JMC,jx1044tc2,NKR,19,1,JX1044TC2,confirmed
LEVC,levctx,TX Taxi,19,1,LEVC TX,confirmed
Sinotruk,howotx430,HOWOTX430,19,1,HOWOTX430,confirmed
Yutong,c12pro,C12 PRO,19,1,C12 PRO,confirmed
MG,mg3,MG3,18,1,MG 3,confirmed
DS,3,DS3,18,1,3,confirmed
BYD,ev,EV600,18,1,ev,confirmed
Great Auto,z4hl,Z4,18,1,z4hl,confirmed
DFM,904,Construction,18,1,904,confirmed
Toyota,بوربانكروزر,Urban Cruise,18,1,بوربان كروزر,confirmed
Iveco,daily,Iveco,18,1,DAILY,confirmed
Mercedes,eqa250,EQA,18,1,EQA250,confirmed
Geely,starraycomfortgl,Starray,18,1,STARRAY COMFORT GL,confirmed
Lynk &amp; Co,900,900,18,1,900,confirmed
KIA,جراندكرنفال,Carnival,17,1,جراند كرنفال,confirmed
Bestune,pesturn,Bestune,17,1,pesturn,confirmed
Volvo,fm400hp,FM-Series,17,1,FM400HP,confirmed
Volkswagen,تيجوانr,Tiguan,17,1,تيجوان R,confirmed
Mercedes,gle400,GLE,17,1,GLE400,confirmed
Mercedes,e200كلاسيك,E-Class,17,1,E-200 كلاسيك,confirmed
Mercedes,eqs53,EQS,17,2,EQS53 | EQS 53,confirmed
Mercedes,eqb300,EQB,17,1,EQB300,confirmed
Mercedes,gla250e,GLA,17,1,gla250e,confirmed
Mercedes,gle350,GLE,17,1,GLE 350,confirmed
Porche,ماكانgts,Macan,17,1,ماكان GTS,confirmed
Iveco,tway470,Truck,17,1,TWAY 470,confirmed
Zemex,0,Zemex,17,1,0,confirmed
Forthing,s7,S7,17,1,S7,confirmed
Chery,envy,Envy,16,1,envy,confirmed
Volkswagen,كادي,Caddy,16,1,كادى,confirmed
Victory,مينيميكروباص,Minibus,16,1,مينى ميكروباص,confirmed
OPEL,انسجنيا,Insignia,16,1,انسجنيا,confirmed
Dodge,رام,Ram,16,1,رام,confirmed
Iveco,ad380g,AD380 G,16,1,AD380 G,confirmed
Suzuki,سيريون,Celerio,16,1,سيريون,confirmed
MG,hst20,HS,16,1,HST20,confirmed
Toyota,بيكاب,Hilux,16,1,بيك اب,confirmed
FORD,برونكو,Bronco,16,1,برونكو,confirmed
Haval,جوليانواجن,Jolion,16,1,جوليان واجن,confirmed
Rolls Royce,رولزرويس,Cullinan,16,1,رولزرويس,confirmed
Mazarati,ghibli,Ghibli,16,1,GHIBLI,confirmed
Mercedes,a455,A-Class,16,1,a455,confirmed
BMW,m3,M3,16,2,M3 | m3,confirmed
FORD,موستينج,Mustang,16,1,موستينج,confirmed
Porche,718cayman,Cayman,16,2,718 CAYMAN | 718CAYMAN,confirmed
Lexus,lx600,LX600,16,3,LX600 | lx 600 | LX 600,confirmed
Mercedes,eqb250,EQB,16,1,EQB250,confirmed
BMW,ix2,IX2,16,1,IX 2,confirmed
Mercedes,sprinter416cdi,Sprinter,16,1,SPRINTER 416 CDI,confirmed
TATA,تاتا,Xenon,16,1,تاتا,confirmed
Xpeng,x9,X9,16,1,X9,confirmed
AUDI,q6,Q6,16,1,Q6,confirmed
JMC,jx1064tg2,NKR,16,1,JX1064TG2,confirmed
Chery,tiggo9,Tiggo9 Pro,16,1,tiggo 9,confirmed
Volkswagen,كرفيل,Carvelle,15,1,كرفيل,confirmed
Karry,q22,Q22,15,2,Q 22 | Q22,confirmed
Mercedes,1845,Truck,15,1,1845,confirmed
GAC,gonow,Gonow,15,1,GONOW,confirmed
Mercedes,نقلlp9113,Truck,15,1,نقل LP 9113,confirmed
Iveco,420,420,15,1,420,confirmed
Volvo,b7r,B 7R,15,2,B7R | b 7r,confirmed
Peugeot,208,208,15,1,208,confirmed
Hyundai,cr.v,Truck,15,1,CR.V,confirmed
Mercedes,213,Truck,15,1,213,confirmed
KGM,كوراندو,Korando,15,1,كوراندو,confirmed
Chevrolet,سيلفرادو,Silvador,15,1,سيلفرادو,confirmed
Mercedes,4542,Truck,15,1,4542,confirmed
Volvo,fm400,FM-Series,15,1,fm400,confirmed
Skania,p360,P-Series,15,1,p360,confirmed
Hyundai,جروندر,Grandeur,15,1,جروندر,confirmed
Volkswagen,توران,Touran,15,1,توران,confirmed
Chery,تيجو2برو,Tiggo2 Pro,15,1,تيجو 2 برو,confirmed
Bestune,t55,T55,15,1,T55,confirmed
Aston Martin,db11,DB11,15,1,DB 11,confirmed
Mercedes,s560,S-Class,15,1,S560,confirmed
Lexus,lx570,LX570,15,2,LX 570 | LX570,confirmed
Cadillac,اسكليت,Escalade,15,1,اسكليت,confirmed
Mercedes,amgsl55,SL-Class,15,1,AMG SL55,confirmed
Changan,c35plus,CS35 Plus,15,1,C35 PLUS,confirmed
Porche,ماكان4,Macan,15,1,ماكان 4,confirmed
Joylong,(blank),Joylong,15,1,(blank),confirmed
BYD,sealion05,Sealion 5,15,1,Sealion 05,confirmed
Toyota,فان,Granvia,15,1,فان,confirmed
Honda,zr,ZR-V,15,1,ZR,confirmed
JAC,hfc7130ag3,HF-Series,14,1,hfc7130ag3,confirmed
Hyundai,اكسنت1500,Accent,14,1,اكسنت 1500,confirmed
HOWO,371,371,14,1,371,confirmed
Renault,سيمبول,Symbol,14,1,سيمبول,confirmed
Toyota,كامري,Camry,14,1,كامرى,confirmed
Chevrolet,menlo,Menlo,14,1,menlo,confirmed
Peugeot,جيتي2008,2008,14,1,جى تى 2008,confirmed
BYD,evseagull,Seagull,14,1,EV  Seagull,confirmed
Lamborghini,null,Null,14,2,null | NULL,confirmed
Mercedes,180,C-Class,14,1,180,confirmed
Ferari,f8,f8,14,1,f8,confirmed
Mercedes,500,500,14,1,500,confirmed
Land Rover,rangrover,Range Rover,14,1,RANG ROVER,confirmed
Land Rover,p440e,P440e,14,1,P440e,confirmed
Land Rover,sportp440e,P440e,14,1,sport p440e,confirmed
Tesla,modelx,Model X,14,1,MODEL X,confirmed
Porche,gt3911,911,14,1,GT3911,confirmed
Shacman,x5000,Shacman,14,1,X5000,confirmed
DFSK,600,600,14,1,600,confirmed
Volvo,240,240,13,1,240,confirmed
Mercedes,1844,Truck,13,1,1844,confirmed
MAN,قسطور,قسطور,13,1,قسطور,confirmed
Chevrolet,4hv,4hv,13,1,4hv,confirmed
KIA,سييد,Ceed,13,1,سييد,confirmed
JAC,hfcv150b,HF-Series,13,2,HFCV150B | hfcv 150b,confirmed
Mitsubishi,rvr,RVR,13,1,RVR,confirmed
Isuzu,hhv,HHV,13,1,HHV,confirmed
MAN,tgm18.280,TGM18.280,13,1,TGM18.280,confirmed
DFSK,efi,Glory,13,1,EFI,confirmed
Brilliance,v5,V5,13,1,V5,confirmed
KIA,كرافان,Carnival,13,1,كرافان,confirmed
FORD,cmax,CMAX,13,1,CMAX,confirmed
Hamco,etd70,etd70,13,1,etd70,confirmed
Changan,e-star,E-Star,13,1,e-star,confirmed
Geely,ازكارا,Azkarra,13,1,ازكارا,confirmed
Chery,تيجو290t,Tiggo8 Pro,13,1,تيجو290T,confirmed
Chery,تيجوبيرو,Tiggo7 Pro,13,1,تيجو بيرو,confirmed
GMC,ev-gmc,Hummer,13,1,EV-GMC,confirmed
Dayun,yuanzhipure,Yuehu,13,1,yuanzhi pure,confirmed
JAC,chfc107111k,HF-Series,13,1,chfc107111k,confirmed
Hyundai,ioniq6,Ioniq6,13,1,IONIQ 6,confirmed
Mercedes,glc,GLC,13,1,glc,confirmed
Aston Martin,dbx,DBX,13,1,DBX,confirmed
BMW,340i,3-Series,13,1,340I,confirmed
Mercedes,eqs350,EQS,13,1,EQS 350,confirmed
BMW,x120i,X1,13,1,X1 20i,confirmed
Rolls Royce,spectre,Spectre,13,1,SPECTRE,confirmed
TATA,xenonxfl,Xenon,13,2,xenon xfl | Xenon xfl,confirmed
BYD,sealion07ev,Sealion,13,1,SEALION 07 EV,confirmed
Hyundai,ستاريا,Staria,13,1,ستاريا,confirmed
Zhong,tong,TONG,13,1,TONG,confirmed
Toyota,لاندكروزرgrj79l-tjmnkv,Land Cruiser,13,1,لاند كروزر GRJ79L-TJMNKV,confirmed
Brilliance,x30,Jinbie,12,1,x30,confirmed
Chevrolet,null,N-Series,12,2,null | NULL,confirmed
Genni,x30,X30,12,1,x30,confirmed
Isuzu,ستار,D-MAX,12,1,ستار,confirmed
Chevrolet,nq`,NQR 71,12,1,nq`,confirmed
JAC,s5,S5,12,1,s5,confirmed
Chevrolet,sonic,Sonic,12,1,SONIC,confirmed
Chevrolet,mcv220,Mini Bus,12,1,MCV220,confirmed
Mitsubishi,قلاب,Construction,12,1,قـلاب,confirmed
GWM,كوولبير,Coolbear,12,1,كوول بير,confirmed
Mercedes,اتيجو,Atego,12,1,اتيجو,confirmed
Soueast,v,V3,12,1,v,confirmed
BYD,yuanbro,Yuan Pro,12,1,YUAN BRO,confirmed
Toyota,راف4,Rav 4,12,1,راف 4,confirmed
GMC,سفاري,Safary,12,1,سفارى,confirmed
JAC,hfc1090,HF-Series,12,1,HFC1090,confirmed
MG,zst,MGZS,12,1,ZST,confirmed
BYD,han-ev,Han L,12,1,HAN-EV,confirmed
Levan,lf6401,LF6401,12,1,LF6401,confirmed
Hyundai,hd260c/cab.swb,HD-Series,12,1,HD260C/CAB.SWB,confirmed
GMC,hummerev,Hummer,12,1,hummer EV,confirmed
Dongfeng,huge500t,Huge,12,1,HUGE 500T,confirmed
Mercedes,4240,Truck,12,1,4240,confirmed
Zeekr,7,7,12,1,7,confirmed
BMW,i8,i8,12,1,I8,confirmed
BMW,m850i,M8,12,1,M850i,confirmed
Land Rover,autobiography,Range Rover,12,1,AUTO BIOGRAPHY,confirmed
Alfa Romeo,tonalete,Tonale,12,1,TONALE TE,confirmed
Mercedes,c260l,C-Class,12,1,C260L,confirmed
Hyundai,النتراcn7,Elantra (CN7),12,1,النترا cn7,confirmed
Deepal,deepals7,S07,12,1,deepal S7,confirmed
Wuling,yangguang,Yangguang,12,1,YANGGUANG,confirmed
Haval,h6hev,H6,12,1,H6 HEV,confirmed
Shineray,شنري,X30,11,1,شنرى,confirmed
Hyundai,ستيلر,Stellar,11,1,ستيلر,confirmed
Mercedes,3850,Truck,11,1,3850,confirmed
Hongqi,e-hs9,E-HS9,11,1,E-HS9,confirmed
Chevrolet,mcv230,Mini Bus,11,1,MCV230,confirmed
Jetour,x70240t,X70,11,1,X70 240T,confirmed
MG,20t,HS,11,1,20T,confirmed
Jetour,جيتورx70,X70,11,1,جيتورX70,confirmed
Toyota,rav4,Rav 4,11,1,rav 4,confirmed
Volkswagen,تاوس,Taos,11,1,تاوس,confirmed
MG,mg6,MG6,11,1,MG6,confirmed
Sinotruk,howot7h,HOWO420,11,1,HOWO T7H,confirmed
Mercedes,4140arcos-cifahd10,Truck,11,1,4140ARCOS-CIFAHD10,confirmed
GMC,يوكون,Yukon,11,1,يوكون,confirmed
KGM,tivoli,Tivoli,11,1,TIVOLI,confirmed
Mercedes,g800,G-Class,11,1,G 800,confirmed
Land Rover,sportp300,Range Rover,11,1,SPORT P300,confirmed
BMW,x1i,X1,11,1,x1  i,confirmed
Mercedes,cla250e,CLA,11,1,cla250E,confirmed
Jaguar,f-face,F-TYPE,11,1,f-face,confirmed
Land Rover,velarsp250,Velar,11,1,VELAR S P250,confirmed
Mercedes,c43,AMG,11,1,C43,confirmed
Alfa Romeo,giuliasprint,Giulia,11,1,GIULIA SPRINT,confirmed
Mercedes,eqa,EQA,11,1,EQA,confirmed
JAC,fhc3130,Truck,11,1,FHC3130,confirmed
Nissan,نيفارا,Navara,11,1,نيفارا,confirmed
Avatr,07,7,11,1,07,confirmed
Mercedes,amgglc43coupe,GLC,11,1,AMG GLC 43 COUPE,confirmed
MAN,tgh16-2no,TGH-16-2NO,10,1,TGH-16-2NO,confirmed
JAC,s7,S7,10,1,S7,confirmed
JAC,j6,J6,10,1,j6,confirmed
Chevrolet,n200,Van (N300 Series),10,1,N 200,confirmed
BYD,s5,S5,10,2,S5 | s5,confirmed
GMC,zmx500,ZMX,10,1,ZMX500,confirmed
Skania,p310,P-Series,10,1,P310,confirmed
Mitsubishi,n200,L200,10,1,N200,confirmed
Nissan,null,Sunny,10,2,NULL | null,confirmed
Dodge,نيون,Neon,10,1,نيون,confirmed
Mercedes,3838,Truck,10,1,3838,confirmed
Mercedes,1848,Truck,10,1,1848,confirmed
Mercedes,2545,2545,10,1,2545,confirmed
Bieben,1628k,1628K,10,1,1628K,confirmed
Volkswagen,كروسفوكس,Cross Fox,10,1,كروس فوكس,confirmed
Volkswagen,tcross,ID4,10,1,t cross,confirmed
Toyota,هايسvip,Hi Ace,10,1,هايسVIP,confirmed
Hyundai,hd170c/cab.lwb,HD170C/CAB.LWB,10,1,HD170C/CAB.LWB,confirmed
Jetour,jetour,X70,10,1,JETOUR,confirmed
Mercedes,mcv450,MCV450,10,1,mcv450,confirmed
Volkswagen,id6x,ID6,10,1,ID.6 X,confirmed
SANY,syz320c8y,Truck,10,1,SYZ320C8Y,confirmed
Iveco,330/30,Truck,10,1,330/30,confirmed
Iveco,ad380t42h,Truck,10,1,AD380T42H,confirmed
Toyota,كرولا,Corolla,10,1,كرولا,confirmed
Changan,sl03,SL03,10,1,SL03,confirmed
TATA,613ex2,Truck,10,1,613EX2,confirmed
Volkswagen,id7vizzion,ID7,10,1,ID7 VIZZION,confirmed
Volvo,f10,F10 Series,10,1,F 10,confirmed
Mercedes,glc250,GLC,10,1,GLC250,confirmed
Mercedes,amgc43,AMG C43,10,1,AMG C43,confirmed
BMW,m440i,M4,10,1,M440I,confirmed
AUDI,e-trons,E-Trons,10,1,E-TRONS,confirmed
Land Rover,sportp400,Defender,10,1,sport P400,confirmed
BMW,i3edrive35l,i3,10,1,i3 edrive35l,confirmed
Mercedes,+eqe350,EQE,10,1,+EQE350,confirmed
Mercedes,e400e,E-Class,10,1,E400e,confirmed
BYD,hanl,Han,10,1,HAN L,confirmed
SANY,462,462,10,1,462,confirmed
Xiaomi,yu7max,YU7,10,1,YU7 MAX,confirmed
KIA,ev3,EV3,10,1,EV3,confirmed
Li Auto,l7,L7,10,1,L7,confirmed
MAN,tgx18.480,MAN-TGX18.480,10,1,TGX18.480,confirmed
Changan,نيوستار,New Star,9,2,نيو ستار | نيوستار,confirmed
Mercedes,cdi315,Sprinter,9,1,CDI315,confirmed
Geely,امجراند7,Emegrand 7,9,1,ام جراند 7,confirmed
Citroen,50اس,S50,9,1,50 اس,confirmed
Mitsubishi,asx,ASX,9,2,asx | ASX,confirmed
Nissan,تيدا,Tida,9,1,تيدا,confirmed
GWM,فلوريدايليت,Florid,9,1,فلوريد ايليت,confirmed
Suzuki,نيوسويفت,Swift,9,1,نيو سويفت,confirmed
Hyundai,نيواكسنت,Accent,9,1,نيو اكسنت,confirmed
Volvo,fm330,FM-Series,9,1,FM330,confirmed
Mercedes,2044,Truck,9,1,2044,confirmed
Hyundai,جراندi10,Grand i10,9,1,جراندi10,confirmed
SWM,x2,X2,9,1,X2,confirmed
BYD,ev500,EV500,9,1,EV500,confirmed
Volkswagen,جولفetsi,Golf,9,1,جولف ETSI,confirmed
Hyundai,venue,Venue,9,1,VENUE,confirmed
Volkswagen,taos,Taos,9,1,TAOS,confirmed
Shenlan,s7,S7,9,2,S7 | s7,confirmed
GAC,gs3emzoom,Emzoom,9,1,GS3 EMZOOM,confirmed
Levan,320,320,9,1,320,confirmed
Mercedes,e250,E-Class,9,1,E250,confirmed
Ferari,roma,roma,9,1,roma,confirmed
Porche,تايكنتربو,Taycan,9,1,تايكن تربو,confirmed
Land Rover,p400hse,Defender,9,1,p400hse,confirmed
Ferari,portofino,portofino,9,1,portofino,confirmed
Land Rover,p400,Defender,9,1,P400,confirmed
Land Rover,ايفوكp300e,P300E,9,1,ايفوك P300E,confirmed
Porche,ماكانs,Macan,9,1,ماكان S,confirmed
Mercedes,+eqs450,EQS,9,1,+EQS450,confirmed
Rolls Royce,ghost,Ghost,9,1,Ghost,confirmed
Cadillac,lyriq,Lyric,9,1,lyriq,confirmed
Mercedes,eqe3504matic,EQE,9,1,EQE350 4 MATIC,confirmed
Chery,تيجو5,Tiggo5,9,1,تيجو 5,confirmed
Volvo,fhd1364r,F10 Series,9,1,FHD13 64R,confirmed
AUDI,a8,A8,9,1,A8,confirmed
Hongqi,hs3,hs3,9,2,hs3 | HS3,confirmed
Changan,cs75plus,CS75,9,1,CS75PLUS,confirmed
BAIC,bj40,BJ30,9,1,BJ40,confirmed
Mercedes,g580,G-Class,9,1,G580,confirmed
Mercedes,maybacheqs680,EQS SUV,9,1,Maybach EQS 680,confirmed
BYD,sealion,Song Plus,9,1,sealion,confirmed
Dongfeng,aeolusl7,Aeolos,9,1,AEOLUS L7,confirmed
Arcfox,kaola,Kaola,9,1,Kaola,confirmed
Foton,جرايتو,Gratour,8,1,جرايتو,confirmed
Hyundai,افنت,Elantra (CN7),8,1,افنت,confirmed
Nissan,350,350,8,1,350,confirmed
GMC,سافانا,Savana,8,1,سافانــا,confirmed
JAC,hfc7150af,HF-Series,8,1,HFC7150AF,confirmed
Isuzu,tx,D-MAX,8,1,T X,confirmed
Chevrolet,لانوس,Lanos,8,1,لانوس,confirmed
Chery,q22,Q22,8,1,Q22,confirmed
Changhe,changhe,Changhe,8,1,CHANGHE,confirmed
Chevrolet,ديلوكس,D-Lux,8,1,دى لوكس,confirmed
Hyundai,اكسيل,Excel,8,1,اكسيل,confirmed
Toyota,جرانيفيا,Granvia,8,1,جرانيفيا,confirmed
HINO,h500,Truck,8,1,H500,confirmed
Hyundai,250,Truck,8,1,250,confirmed
Mercedes,190,Truck,8,1,190,confirmed
BAIC,x35,X35,8,1,x35,confirmed
MAN,tgs33400,TGS33 400,8,1,TGS33 400,confirmed
Mercedes,فان515,Sprinter,8,1,فان 515,confirmed
Volvo,fmd1142r,FM-Series,8,1,fmd11 42R,confirmed
Vedecar,vedecar,Vedecar,8,1,VEDECAR,confirmed
Hyundai,hd270dump10mc/ca,Construction,8,1,HD270DUMP10MC/CA,confirmed
Jetour,جيتورx90,X90 Plus,8,1,جيتور x90,confirmed
Honda,np1,NP-1,8,1,NP1,confirmed
Haval,joliongwm,Jolion,8,1,JOLION GWM,confirmed
Mercedes,2653,Truck,8,1,2653,confirmed
KIA,k8,K8,8,1,K8,confirmed
MAN,tgl10.250,TGS 33.480,8,1,TGL10.250,confirmed
Toyota,tlc79,TLC79,8,1,TLC79,confirmed
BYD,tangev,Tang L,8,1,TANG EV,confirmed
TATA,sfc407,Truck,8,1,SFC407,confirmed
IM,imls7,LS7,8,1,IM LS7,confirmed
BMW,850,850,8,1,850,confirmed
BMW,740,7-Series,8,1,740,confirmed
Mercedes,e400,E-Class,8,1,E400,confirmed
Mercedes,s63,S-Class,8,1,S63,confirmed
BMW,m5,M5,8,1,M5,confirmed
BMW,440i,4-Series,8,1,440i,confirmed
Jaguar,i-pace,i-Pace,8,1,i-pace,confirmed
Ferari,296gtb,296GTB,8,1,296GTB,confirmed
BMW,i335l,i3,8,1,i3 35L,confirmed
Jetour,traveler,T2,8,1,Traveler,confirmed
AUDI,rs5,RS5,8,1,RS5,confirmed
Toyota,لاندكروزربرادوtxl,Prado,8,1,لاند كروزر برادو TXL,confirmed
Chevrolet,equinox,Equinox,8,1,equinox,confirmed
UD,quester,Quester,8,1,QUESTER,confirmed
Toyota,فوتشينرgx,Fortuner,8,1,فوتشينر GX,confirmed
Lynk &amp; Co,06,6,8,1,06,confirmed
Dayun,m1,M1,8,1,m1,confirmed
Mercedes,eqg580,EQG,8,1,EQG580,confirmed
Voyah,voyahdream,Dream,8,1,Voyah Dream,confirmed
Iveco,50c15,Truck,8,1,50C15,confirmed
Deepal,deepals07,S07,8,1,Deepal S07,confirmed
Toyota,نصفنقل2كابينه,Hilux,8,1,نصف نقل 2 كابينه,confirmed
Mercedes,450s,S-Class,8,1,450 S,confirmed
FAW,v60,V60,7,1,V60,confirmed
Sinotruk,howo420,HOWO420,7,1,HOWO420,confirmed
Mercedes,350,Truck,7,1,350,confirmed
Mercedes,3331,Truck,7,1,3331,confirmed
Chery,a15,A15,7,1,A15,confirmed
Hyundai,genesis,Genesis,7,1,GENESIS,confirmed
Renault,espace,Espace,7,1,espace,confirmed
Hyundai,ioniq,Ioniq,7,1,IONIQ,confirmed
GWM,هوفر,Hover,7,1,هوفر,confirmed
Changan,benni,Benni,7,1,benni,confirmed
Nissan,اكسترا,Terra,7,1,اكسترا,confirmed
Renault,c320p4x2,C-Series,7,1,C320p4x2,confirmed
FAW,ca6350a2,CA6350A2,7,1,CA6350A2,confirmed
Toyota,اوريون,Aurion,7,1,اوريون,confirmed
Volvo,fh480,FH-Series,7,1,FH480,confirmed
Construction,null,Construction,7,1,NULL,confirmed
Chevrolet,تريليليزر,Blazer,7,1,تريلى ليزر,confirmed
MAN,k309,k309,7,1,k309,confirmed
MAN,tgs33.480,TGS 33.480,7,1,TGS 33.480,confirmed
Toyota,لاندكروزر300,Land Cruiser,7,1,لاند كروزر 300,confirmed
MG,rx8,RX8,7,2,rx8 | RX8,confirmed
Dongfeng,ax7,AX7,7,1,AX7,confirmed
BMW,ix40,iX,7,1,IX40,confirmed
GMC,بليزر,Blazer,7,1,بليـزر,confirmed
Toyota,fjcruiser,FJ Cruiser,7,1,FJ CRUISER,confirmed
TATA,613/38,Truck,7,1,613/38,confirmed
Suzuki,vitaraglx,Vitara,7,1,VITARA GLX,confirmed
GMC,بوكون,Pocon,7,1,بوكــون,confirmed
Mercedes,e180,E-Class,7,1,E180,confirmed
BMW,330,3-Series,7,1,330,confirmed
BMW,z420i,Z-Series,7,1,z420i,confirmed
Land Rover,p400e,Defender,7,1,P400E,confirmed
Mercedes,s580مايباخ,S-Class,7,1,s580 مايباخ,confirmed
Lexus,lxvip,Lxvip,7,1,LX VIP,confirmed
AUDI,q4e-tron,Q4e-tron,7,2,Q4e-tron | Q4 E-TRON,confirmed
AUDI,q5e-tron,Q5e-tron,7,1,Q5E-TRON,confirmed
Genesis,gv60,GV60,7,1,gv60,confirmed
Land Rover,p460e,Defender,7,1,P460e,confirmed
Isuzu,npr71hy2,N-Series,7,1,NPR71HY2,confirmed
Bagage,bajajqute,QUTE,7,1,BAJAJ QUTE,confirmed
Mini Coper,se,SE,7,1,se,confirmed
Mercedes,e300exc,E-Class,7,1,E 300 EXC,confirmed
Geely,coolraypremium-gk,Coolray,7,1,COOLRAY PREMIUM -GK,confirmed
Lotus,eletres,ELETRE R,7,1,ELETRE S,confirmed
KGM,تورسkgm,Torres,7,1,تورس KGM,confirmed
Denza,ليوبارد,B5,7,1,ليوبارد,confirmed
JAC,hfc1042,Truck,7,1,HFC 1042,confirmed
Avatr,6,6,7,1,6,confirmed
Iveco,ad380t43t,Truck,7,1,AD380T43T,confirmed
JAC,gs8,JS8,7,1,GS8,confirmed
Shineray,(blank),Van,7,1,(blank),confirmed
Foton,toano,Toano,7,1,Toano,confirmed
Isuzu,gt,D-MAX,6,1,g t,confirmed
Volkswagen,ترانسبورت,Transport,6,1,ترانسبورت,confirmed
JAC,hfcv100wf,HF-Series,6,1,hfcv100wf,confirmed
Chevrolet,c6,C6,6,2,C6 | c6,confirmed
Chevrolet,gkكابتيفا,Captiva,6,1,GK كابتيفا,confirmed
Mitsubishi,l100,L100,6,1,L 100,confirmed
Renault,كابتشر,Captur,6,1,كابتشر,confirmed
Nissan,جونيورنقل,Pickup,6,1,جونيور نقل,confirmed
Skoda,soperp,Superb,6,1,Soperp,confirmed
Skania,81l8138,L-Series,6,1,81 L 8138,confirmed
Hyundai,ix20,i20,6,1,ix20,confirmed
GWM,بيري,Coolbear,6,1,بيري,confirmed
FAW,فاو,Faw,6,1,فاو,confirmed
Honda,mnv,MNV,6,1,mnv,confirmed
Mercedes,4840,Truck,6,1,4840,confirmed
Renault,gbh280,Construction,6,1,GBH 280,confirmed
Alwahsh,ap354,Construction,6,1,ap354,confirmed
Mercedes,4440,Truck,6,1,4440,confirmed
KIA,ev6,EV6,6,1,EV6,confirmed
Iveco,35s15e3v,35S15E3V,6,1,35S15E3V,confirmed
Mercedes,1842,Truck,6,1,1842,confirmed
Hongqi,ehs9,EHS9,6,1,EHS9,confirmed
OPEL,جراندلاندx,Grandland,6,1,جراند لاند X,confirmed
Chery,tiggo2,Tiggo2 Pro,6,1,TIGGO 2,confirmed
Iveco,35.15,Truck,6,1,35.15,confirmed
Bestune,b70s,B70S,6,1,b70s,confirmed
Mercedes,s320,S-Class,6,1,S320,confirmed
Jaguar,xf,XF,6,1,x f,confirmed
Mercedes,300,300,6,1,300,confirmed
AUDI,tt,TT,6,1,TT,confirmed
Aston Martin,فانتدج,Vantage,6,1,فانتدج,confirmed
Land Rover,لاندروفر,Range Rover,6,1,لاندروفر,confirmed
Porche,تايكنgts,Taycan,6,1,تايكن GTS,confirmed
Mercedes,eqe,EQE,6,1,EQE,confirmed
Ferari,gts812,GTS812,6,1,GTS812,confirmed
Mercedes,eqe53,EQE,6,1,EQE53,confirmed
Land Rover,p510e,P510e,6,1,P510e,confirmed
Mercedes,sl63,SL-Class,6,1,SL63,confirmed
AUDI,rsq8,RSQ8,6,2,RSQ8 | RS Q8,confirmed
Porche,كايمن718,Cayman,6,1,كايمن 718,confirmed
Lotus,eletrer,ELETRE R,6,1,ELETRE R,confirmed
Land Rover,ايفوكp250,Evoque,6,1,ايفوك P250,confirmed
BMW,x220i,X2,6,1,X2 20i,confirmed
KIA,ev9,EV9,6,1,EV9,confirmed
Alfa Romeo,stelviosprint,Stelvio,6,1,STELVIO Sprint,confirmed
Toyota,velozglx,Veloz,6,1,VELOZ GLX,confirmed
Mercedes,g63amg,GT,6,1,G63 AMG,confirmed
Dongfeng,dongfeng,Aeolos,6,2,dongfeng | DONGFENG,confirmed
Jetour,travellert2,T2,6,1,TRAVELLER T2,confirmed
GAC,aion,AION Y PLUS,6,1,AION,confirmed
Porche,911carreragts,911,6,1,911CARRERA GTS,confirmed
Mercedes,maybachs680,S-Class,6,1,MAYBACH S680,confirmed
MAN,tge3-140,TGE3-140,6,1,TGE3-140,confirmed
Volkswagen,id-unyx,ID UNYX,6,1,ID-UNYX,confirmed
Porche,718boxter,Boxter,6,1,718BOXTER,confirmed
Honda,hr-v,HR-V,6,1,HR-V,confirmed
Cadillac,اسكاليدiq,Escalade IQ,6,1,اسكاليد IQ,confirmed
Mercedes,eqs680suv,EQS,6,1,EQS 680 SUV,confirmed
JMC,vigas,Vigas,6,1,VIGAS,confirmed
Shenray,x30,X30,6,1,x30,confirmed
Isuzu,tfr54d,D-MAX,6,1,TFR54D,confirmed
Toyota,فورتشينر,Fortuner,6,1,فورتشينر,confirmed
Mercedes,680sمصفحه,S-Class,6,1,680 S مصفحة,confirmed
Chevrolet,ltصندوقمغلق,T-Series,6,1,LT صندوق مغلق,confirmed
Peugeot,5008gt,5008,6,1,5008GT,confirmed
Volvo,fhd1342t,FH-Series,6,1,FHD13 42T,confirmed
Chevrolet,شيفيفان30,Van (N300 Series),5,1,شيفى فان 30,confirmed
Hyundai,اكسنت1300,Accent,5,1,اكسنت 1300,confirmed
Mercedes,195,Truck,5,1,195,confirmed
JAC,a60,A60,5,1,a60,confirmed
Toyota,rh20b,RH20B,5,1,RH20B,confirmed
KIA,نيرو,Niro,5,1,نيرو,confirmed
Mercedes,ci311,CI311,5,1,CI311,confirmed
Foton,gratourv53,Gratour,5,1,GRATOUR V53,confirmed
BMW,xe225,XE 225,5,1,XE 225,confirmed
Changan,akacarry,New Star,5,1,aka carry,confirmed
Chevrolet,ايكونوكس,Equinox,5,1,ايكونوكس,confirmed
MG,mggt,MGGT,5,1,mg gt,confirmed
FORD,territory,Territory,5,1,TERRITORY,confirmed
Mercedes,1413,1413,5,1,1413,confirmed
Hyundai,h100,H1,5,1,H 100,confirmed
Mercedes,307,Truck,5,1,307,confirmed
Hyundai,ستاراكس,Star X,5,1,ستار اكس,confirmed
Keyton,ex80,EX80,5,1,EX80,confirmed
Toyota,rumiom,Rumion,5,1,rumiom,confirmed
HINO,ghd,Truck,5,1,GHD,confirmed
Mercedes,3740,Truck,5,1,3740,confirmed
Chevrolet,4h5,4h5,5,1,4h5,confirmed
Volkswagen,مالتيفان,Caddy,5,1,مالتى فان,confirmed
Iveco,350,350,5,1,350,confirmed
Haval,m6,M6,5,1,M6,confirmed
Volkswagen,rok,T ROC,5,1,ROK,confirmed
Renault,سمبل,Symbol,5,1,سمبل,confirmed
Toyota,كورولاكروس,Corolla Cross,5,1,كورولا كروس,confirmed
BMW,ixxdrive50,iX,5,2,IX XDRIVE 50 | IX XDRIVE50,confirmed
Jetour,x70s,X70 Plus,5,1,X70S,confirmed
BMW,ixxdrive40,iX,5,1,IX XDRIVE 40,confirmed
MG,hcluxury,HS,5,1,HC LUXURY,confirmed
Volvo,fm480hp,FM-Series,5,1,FM 480HP,confirmed
Mitsubishi,مونتيرو,Montero,5,1,مونتيرو,confirmed
Smart,fortwo,Fortwo,5,1,fortwo,confirmed
Mitsubishi,ايرتريك,Airtrek,5,1,ايرتريك,confirmed
Dongfeng,joyearcvt,Joyear,5,1,JOYEAR CVT,confirmed
Volkswagen,id6pro,ID6,5,1,ID6 PRO,confirmed
Volkswagen,id3pure,ID3,5,1,ID3 PURE,confirmed
Mercedes,4048k,Truck,5,1,4048K,confirmed
Newgonow,elcv,E LCV,5,1,E LCV,confirmed
Zoyte,t300,T300,5,1,T 300,confirmed
Volkswagen,id6xprime,ID6,5,1,ID6 X PRIME,confirmed
Dayun,yuanzhim1,YUANZHI M1,5,1,YUANZHI M1,confirmed
Hyundai,جراند,Grandeur,5,1,جراند,confirmed
JEEP,رانجيد,Renegade,5,1,رانجيد,confirmed
BMW,730,7-Series,5,1,730,confirmed
Mercedes,400,400,5,1,400,confirmed
BMW,120,1-Series,5,1,120,confirmed
Tesla,s,Model S,5,2,S | s,confirmed
Mercedes,c300e,C-Class,5,1,C300 E,confirmed
Mercedes,cla250,CLA,5,1,CLA250,confirmed
Dodge,شارلنجر,Challenger,5,1,شارلنجر,confirmed
Mercedes,eqb,EQB,5,1,EQB,confirmed
BMW,i7xdrive60,i7,5,1,I7XDRIVE60,confirmed
Mercedes,glb180,GLB,5,1,GLB180,confirmed
Lamborghini,uruss,Urus,5,1,URUS S,confirmed
AUDI,sq8,RSQ8,5,1,SQ8,confirmed
BMW,530e,5-Series,5,1,530E,confirmed
Hongqi,اوسادو,Ousado,5,1,اوسادو,confirmed
GMC,ev,Hummer,5,1,EV,confirmed
Volvo,fmxd1364r,FM-Series,5,1,FMX D13 64R,confirmed
Porche,كايينs,Cayenne,5,1,كايين S,confirmed
Hyundai,hd72c/cab-swb155p,Truck,5,1,HD72C/CAB-SWB.155P,confirmed
Volkswagen,id.unyx,ID UNYX,5,1,ID.UNYX,confirmed
Ferari,purosangue,Purosangue,5,1,PUROSANGUE,confirmed
Skoda,null,Kodiaq,5,1,NULL,confirmed
Geely,emgrandgs,Emegrand 7,5,1,Emgrand GS,confirmed
BYD,tanglev,Tang L,5,1,TANG L EV,confirmed
Deepal,ديبالg318,G318,5,1,ديبال G 318,confirmed
AUDI,q440e-tron,Q4e-tron,5,1,Q4 40 e-tron,confirmed
Toyota,لاندكروزربيكاب,Land Cruiser,5,1,لاندكروزر بيك اب,confirmed
Kinglong,(blank),Kinglong,5,1,(blank),confirmed
Renault,c500,K-Series,5,1,C500,confirmed
Mitsubishi,attrage,Attrage,5,1,Attrage,confirmed
BYD,sealion07,Sealion 7,5,1,Sealion 07,confirmed
Dongfeng,captainc,Captain C,5,1,Captain C,confirmed
Iveco,1.7999999999999999e+282,Truck,5,1,1.7999999999999999E+282,confirmed
Mercedes,2445,Truck,5,1,2445,confirmed
Mercedes,اتوبيس,MCVC120,5,1,اتوبيس,confirmed
FIAT,ابارز,Abarth,4,1,ابارز,confirmed
Peugeot,307,307,4,1,307,confirmed
Isuzu,nkr55,N-Series,4,1,NKR55,confirmed
KIA,كادينزا,Cadenza,4,1,كادينزا,confirmed
Brilliance,2dv,Jinbie,4,1,2dv,confirmed
KGM,rexton,Rexton,4,1,Rexton,confirmed
Construction,yalmer,Construction,4,1,yalmer,confirmed
Toyota,كراون,Crown,4,1,كراون,confirmed
Mitsubishi,فوزو,Fuzo,4,1,فوزو,confirmed
Hantang,x7s,X7s,4,1,x7s,confirmed
Volkswagen,eos,EOS,4,1,EOS,confirmed
JAC,hfcv110wt,HF-Series,4,1,HFCV110WT,confirmed
JAC,ie7,IE7,4,1,ie7,confirmed
Skania,g470,G-Series,4,1,G470,confirmed
Mercedes,404,Truck,4,1,404,confirmed
Mercedes,387,Truck,4,1,387,confirmed
BAIC,سينوفاx35,X35,4,1,سينوفا X35,confirmed
Keyton,m70,M70,4,1,m70,confirmed
Volkswagen,جولفgti,Golf,4,1,جولف GTI,confirmed
Skania,81l8150,L-Series,4,1,81 L 8150,confirmed
KIA,optima,Optima,4,1,Optima,confirmed
DFM,q638,Construction,4,1,q638,confirmed
GAC,aion-y,aion-y,4,1,aion-y,confirmed
Mercedes,450اساي,Sprinter,4,1,450 اس اى,confirmed
MAN,"tgs40,480","TGS 40,480",4,1,"TGS 40,480",confirmed
Toyota,كرايزار,Land Cruiser,4,1,كرايزار,confirmed
Mercedes,4143,Truck,4,1,4143,confirmed
Polestar,2,2,4,1,2,confirmed
Mercedes,v300d,Vito,4,1,v300d,confirmed
Bestune,t77,T77,4,1,T.77,confirmed
Renault,arkana,Arkana,4,1,ARKANA,confirmed
Soueast,dx8,DX8,4,1,DX8,confirmed
Hamco,etd50,ETD50,4,1,etd50,confirmed
DFSK,ix5,GLORY iX5,4,1,IX5,confirmed
JEEP,limited,Grand Cherokee,4,1,LIMITED,confirmed
Volkswagen,golfr,Golf,4,1,GOLF R,confirmed
Rabdan,7,One,4,1,7,confirmed
Citroen,c3aircross,C3,4,1,C3 AIRCROSS,confirmed
Mercedes,v250d,V-Class,4,1,V250D,confirmed
Honda,cr-v240,CR-V,4,1,CR-V240,confirmed
GMC,yukonxl,Yukon,4,1,yukon xl,confirmed
Toyota,فورتشبتر,Fortuner,4,1,فورتشبتر,confirmed
Mercedes,516cdi,Sprinter,4,1,516CDI,confirmed
BYD,songpro,Song Plus,4,1,SONG PRO,confirmed
Zeekr,9,9,4,1,9,confirmed
Skoda,سوبربiv,Superb,4,1,سوبرب IV,confirmed
KIA,كارنسواجن,Carens,4,1,كارنس واجن,confirmed
Chery,اريزو3,Arizo5,4,1,اريزو3,confirmed
Chery,omoda5,Omoda 5,4,1,OMODA 5,confirmed
Mini Coper,f55xu71,F55,4,1,F55-XU71,confirmed
AUDI,r8,R8,4,1,R8,confirmed
BMW,li730,7-Series,4,1,Li 730,confirmed
Mini Coper,clubman,Clubman,4,1,club man,confirmed
Mazarati,كواتروبورتي,Quatro,4,1,كواترو بورتى,confirmed
Mercedes,250,250,4,1,250,confirmed
BMW,318,3-Series,4,1,318,confirmed
Land Rover,400,Defender,4,1,400,confirmed
Mercedes,glc350e,GLC E,4,1,glc350e,confirmed
Mercedes,gls350,GLS,4,1,GLS 350,confirmed
BMW,435i,4-Series,4,1,435i,confirmed
Porche,سبايدر718,Spyder,4,1,سبايدر718,confirmed
Land Rover,p200se,Evoque,4,1,p200se,confirmed
Mercedes,s580e,S-Class,4,1,S580E,confirmed
Mercedes,cla45,CLA,4,1,cla45,confirmed
Dodge,دورانجو,Durango,4,1,دورانجو,confirmed
Porche,كايان,Cayenne,4,1,كايان,confirmed
BMW,z4-30i,Z-Series,4,1,Z4-30i,confirmed
Lexus,lx,LX570,4,1,LX,confirmed
BMW,760,7-Series,4,1,760,confirmed
AUDI,q8e-tron,Q8 e-tron,4,1,Q8 e-tron,confirmed
Porche,كايينتيربوgt,Cayenne,4,1,كايين تيربو gt,confirmed
Mercedes,eq260,EQA,4,1,EQ260,confirmed
BMW,i340l,i3,4,1,I3 40L,confirmed
Genesis,g80,G80,4,1,G80,confirmed
Porche,911carreracabriolet,Carrera,4,1,911CARRERA CABRIOLET,confirmed
Iveco,470,Truck,4,1,470,confirmed
BMW,x218i,X2,4,1,X2 18i,confirmed
MAN,tgs33.400,TGS 33.400,4,1,TGS 33.400,confirmed
BYD,هانهونور,Han L,4,1,هان هونور,confirmed
UD,croner,Croner,4,1,CRONER,confirmed
GMC,sltyukon,Yukon,4,1,SLT YUKON,confirmed
Porche,ماكان4s,Macan,4,1,ماكان 4S,confirmed
Bentley,bentaygas,Bentayga,4,1,Bentayga S,confirmed
Lotus,emeya,Emeya,4,1,EMEYA,confirmed
Iveco,150-280,Truck,4,1,150-280,confirmed
Land Rover,p615,Range Rover,4,1,P615,confirmed
Voyah,voyahfreeev,Free,4,1,Voyah free EV,confirmed
Zeekr,001,1,4,1,001,confirmed
Land Rover,voguep530autobiography,Vogue,4,1,VOGUE P530 AUTOBIOGRAPHY,confirmed
BYD,songdmi,Song,4,1,SONG DMI,confirmed
Toyota,hiluxtgn111l-btmlkv,Hilux,4,1,HILUX TGN111L-BTMLKV,confirmed
Yutong,v6,V6,4,1,v6,confirmed
Dayun,rehighrh6,Rehigh RH6,4,1,rehigh rh6,confirmed
MG,zx,MGZS,4,1,ZX,confirmed
Dayun,rehighrh8,Rehigh RH8,4,1,rehigh rh8,confirmed
Shacman,(blank),Shacman,4,1,(blank),confirmed
Chevrolet,captivapremier,Captiva,4,1,Captiva Premier,confirmed
Zemex,(blank),Zemex,4,1,(blank),confirmed
SEAT,اتيكا,Ateca,4,1,أتيكا,confirmed
Chevrolet,شاسيهطويل,N-Series,4,1,شاسية طويل,confirmed
GMC,yukonمصفحه,Yukon,4,1,YUKON مصفحة,confirmed
Dongfeng,nammi06,Nammi 06,4,1,Nammi 06,confirmed
BYD,seal05,Seal 05,4,1,SEAL 05,confirmed
Victory,null,Minibus,3,1,null,confirmed
Toyota,ft86,FT86,3,1,FT86,confirmed
Construction,c500,Construction,3,1,C 500,confirmed
Subaru,xl,XV,3,1,XL,confirmed
JAC,dfm,S4,3,1,dfm,confirmed
Iveco,1.5e+23,1.5E+23,3,1,1.5E+23,confirmed
Citroen,c6,C6,3,1,c6,confirmed
Volvo,f614,FH-Series,3,1,F 614,confirmed
Suzuki,lj80,LJ 80,3,1,LJ 80,confirmed
Chevrolet,نوفا,Nova,3,1,نوفـا,confirmed
Skoda,اوكتافيااكتف,Octavia,3,1,اوكتافيا اكتف,confirmed
Isuzu,sr3000,D-MAX,3,1,SR 3000,confirmed
Volkswagen,باساتl,Passat,3,1,باسات L,confirmed
Chevrolet,كروز,Cruz,3,1,كروز,confirmed
Nissan,kd27,KD 27,3,1,KD 27,confirmed
Hyundai,فيلوستر,Veloster,3,1,فيلوستر,confirmed
Chevrolet,82,T-Series,3,1,82,confirmed
Chevrolet,3500,T-Series,3,1,3500,confirmed
Chevrolet,استرو,Aster,3,1,استرو,confirmed
Mercedes,1843,Truck,3,1,1843,confirmed
Hyundai,لافيت,Matrix,3,1,لافيت,confirmed
Volkswagen,caddy,Caddy,3,1,CADDY,confirmed
Iveco,as440s43tx,AS440S43TX,3,1,AS440S43TX,confirmed
Chana,شانا,Benni,3,1,شانا,confirmed
Volkswagen,سوران,Suran,3,1,سوران,confirmed
JAC,جونا,Gona,3,1,جونا,confirmed
JAC,a63,A60,3,1,A63,confirmed
KIA,k22,K22,3,1,K22,confirmed
Mercedes,نقل1213aklقلاب,Truck,3,1,نقل 1213 AKL قلاب,confirmed
Nissan,leaf,Leaf,3,1,leaf,confirmed
Chevrolet,شيفيفانg10,Van (N300 Series),3,1,شيفى فان G 10,confirmed
Nissan,skyline2.0dx,Skyline,3,1,sky line 2.0 dx,confirmed
Mercedes,4041,Truck,3,1,4041,confirmed
Toyota,فوررانرز,4Runner,3,1,فور رانرز,confirmed
Mercedes,3845,Truck,3,1,3845,confirmed
Suzuki,apv,APV,3,1,apv,confirmed
Hyundai,بوني,Boni,3,1,بوني,confirmed
Mercedes,1851,Truck,3,1,1851,confirmed
BYD,pro,Yuan Pro,3,1,pro,confirmed
Chevrolet,كابريس,Caprice,3,1,كابريس,confirmed
Xpeng,g3,G3,3,1,G3,confirmed
Chevrolet,امبالا,Impala,3,1,امبـالا,confirmed
Nissan,sx200,sx200,3,1,sx200,confirmed
Hyundai,ماتريكس,Matrix,3,1,ماتريكس,confirmed
MAN,tgx41540,TGX41540,3,1,TGX41540,confirmed
Chevrolet,بلير,Blazer,3,1,بليـر,confirmed
Geely,ex3,EX3,3,1,ex3,confirmed
Geely,sx11,Coolray,3,1,SX11,confirmed
Hamco,etd80,etd80,3,1,etd80,confirmed
Leapmotor,c11,C11,3,1,c11,confirmed
Mercedes,arocs4140,Truck,3,1,arocs4140,confirmed
Sinotruk,howo,HOWO420,3,1,HOWO,confirmed
Changan,uni-k,UNI-K,3,1,UNI-K,confirmed
Volvo,xc40t3,XC40,3,1,XC40 T3,confirmed
MAN,مان18.290,TGM18.280,3,1,مان18.290,confirmed
Mercedes,arcos4048,Truck,3,1,arcos4048,confirmed
Iveco,ad190t38h,Truck,3,1,AD190T38H,confirmed
Honda,ens,ENS1,3,1,ENS,confirmed
Zeekr,zeekr001,1,3,1,zeekr 001,confirmed
JMC,gse,GSE,3,1,GSE,confirmed
MG,m300,MG3,3,1,M300,confirmed
Leapmotor,rvin,Leapmotor,3,1,RVIN,confirmed
BYD,songpluschampion,Song Plus,3,1,SONG PLUS CHAMPION,confirmed
Volkswagen,golf8gti,Golf,3,1,GOLF 8 GTI,confirmed
Forthing,m4,M4,3,2,m4 | M4,confirmed
Renault,k420,K420,3,1,K420,confirmed
Mercedes,vito121,Vito,3,1,vito121,confirmed
Toyota,كروس,Corolla Cross,3,1,كروس,confirmed
Toyota,لاندكروزرgx,Land Cruiser,3,1,لاند كروزر GX,confirmed
Geely,starraygfplus,Starray,3,1,STARRAY GF PLUS,confirmed
Iveco,t-way430,Truck,3,2,T -WAY430 | T-WAY430,confirmed
Haima,null,Aishang,3,1,NULL,confirmed
BMW,318i,3-Series,3,1,318i,confirmed
Rolls Royce,فانتوم,Phantom,3,1,فانتوم,confirmed
Land Rover,رانجروفر,Range Rover,3,1,رانـج روفر,confirmed
Mercedes,cla200amg,CLA,3,1,C LA200 AMg,confirmed
Mercedes,cls500,CLS,3,1,cls500,confirmed
Mercedes,s55,S-Class,3,1,S 55,confirmed
BMW,i316,i3,3,1,I316,confirmed
Mercedes,gt63samg,GT,3,1,GT63s amg,confirmed
Mercedes,200,200,3,1,200,confirmed
Land Rover,elarp250gl,Velar,3,1,elar p250 gl,confirmed
Mercedes,cls450,CLS,3,1,cls450,confirmed
Porche,s911,911,3,1,s911,confirmed
Mercedes,55,55,3,1,55,confirmed
Land Rover,فرستاديشن,Range Rover,3,1,فرست اديشن,confirmed
Land Rover,ايفوك,Evoque,3,1,ايفوك,confirmed
Mercedes,e4504matic,E-Class e,3,1,e-450 4matic,confirmed
Mercedes,eqc350,EQC,3,1,EQC350,confirmed
Mercedes,c160,C-Class,3,1,C160,confirmed
AUDI,a7,A7,3,1,a7,confirmed
Ferari,sf90,SF90,3,1,SF90,confirmed
BMW,i3edrive,i3,3,1,I3-EDRIVE,confirmed
BMW,540i,5-Series,3,1,540I,confirmed
BMW,i4edrive40,i4,3,2,I4 eDRIVE 40 | I4 EDRIVE 40,confirmed
Mercedes,amggt43,AMG GT43,3,1,AMG GT43,confirmed
BMW,7601,7-Series,3,1,7601,confirmed
Mercedes,glc400e,GLC,3,1,GLC400e,confirmed
BMW,m760e,M7 E,3,1,M760E,confirmed
Mercedes,c63,AMG,3,1,c63,confirmed
BMW,420,4-Series,3,1,420,confirmed
BMW,40li,X5,3,1,40LI,confirmed
Porche,718boxterstyleedition,Boxter,3,1,718BOXTER STYLE EDITION,confirmed
Alfa Romeo,giuliasprintsolid,Giulia,3,1,GIULIA SPRINT SOLID,confirmed
Mini Coper,كونتري,Countryman,3,1,كونترى,confirmed
MG,cyberster,Cyberster,3,1,cyberster,confirmed
Mercedes,e450,E-Class,3,1,E450,confirmed
Mercedes,eqs400,EQS,3,1,EQS400,confirmed
Tesla,splaid,Model S,3,1,S Plaid,confirmed
Volkswagen,id7pro,ID7,3,1,ID7 PRO,confirmed
Chery,3,I CAR 03,3,1,3,confirmed
Mercedes,sl55,SL-Class,3,1,sl 55,confirmed
Geely,starraysportgfplus,Starray,3,1,STARRAY SPORT GF PLUS,confirmed
Iveco,t-way470,Truck,3,1,T-WAY470,confirmed
BYD,tang730ev,Tang L,3,1,TANG 730EV,confirmed
GMC,sleyukon,Yukon,3,1,SLE YUKON,confirmed
Ferari,296gts,296GTS,3,1,296GTS,confirmed
Tesla,cybertruck,Cybertruck,3,1,CYBERTRUCK,confirmed
Shacman,shlt19,Shacman,3,1,SHLT 19,confirmed
Mercedes,vitov250,Vito,3,1,VITO V250,confirmed
Hyundai,توسانgdi,Tucson,3,1,توسان GDI,confirmed
AUDI,rse-tron,Q8 e-tron,3,1,RS E-Tron,confirmed
Deepal,sl03,SL03,3,1,SL 03,confirmed
Chevrolet,كورفيت,Corvette,3,1,كورفيت,confirmed
GMC,yukondenali,Yukon,3,1,YUKON DENALI,confirmed
Mercedes,sprinter416,Sprinter,3,1,SPRINTER 416,confirmed
AITO,m9,M9,3,1,M9,confirmed
Volvo,fh460,FH-Series,3,1,FH460,confirmed
Mini Coper,s-jcw,S-JCW,3,1,S-JCW,confirmed
Mitsubishi,باجيروgls,Pajero,3,1,باجيرو GLS,confirmed
Mercedes,amggt63,G-Class,3,1,AMG GT 63,confirmed
Exeed,lx,TXL,3,1,LX,confirmed
Haval,raptor,Raptor,3,1,raptor,confirmed
Astra,hd964380,Astra,3,1,HD964380,confirmed
GMC,hummerev3x,Hummer,3,1,HUMMER EV 3X,confirmed
Deepal,deepal,S07,3,1,DEEPAL,confirmed
TGM,مان18.290,مان18.290,3,1,مان18.290,confirmed
Avatr,12master,12,3,1,12MASTER,confirmed
Mercedes,g580eq,G-Class,3,1,G580 EQ,confirmed
Haval,gwmjolion,Jolion,3,1,GWM JOLION,confirmed
BYD,qinl,QIN L,3,1,QIN L,confirmed
BYD,songplusdm-i,Song Plus,3,1,SONG PLUS DM-i,confirmed
SANY,435,Truck,3,1,435,confirmed
Xiaomi,su7pro,SU7,3,1,SU7 PRO,confirmed
AITO,m8,M8,3,1,M8,confirmed
Foton,wonder,Wonder,3,1,WONDER,confirmed
Sinotruk,howotx480,HOWO TX480,3,1,HOWO TX480,confirmed
Denza,titanium3,B3,3,1,Titanium 3,confirmed
Toyota,نصفنقل1كابينه,Hilux,3,1,نصف نقل 1كابينه,confirmed
Mercedes,فانسبرنترمراقبه,Sprinter,3,1,فان سبرنتر مراقبة,confirmed
Yutong,اتوبيسداخلي10مقاعد,Bus,3,1,أتوبيس داخلى 10 مقاعد,confirmed
Dongfeng,captaint,Captain T,3,1,Captain T,confirmed
BYD,shark6,Shark 6,3,1,shark 6,confirmed
Isuzu,eifkv100,N-Series,3,1,EIFKV100,confirmed
Mercedes,1936,Truck,2,1,1936,confirmed
Nissan,باور,Pickup,2,1,باور,confirmed
Chevrolet,3600,T-Series,2,1,3600,confirmed
Chevrolet,n400,Van (N300 Series),2,1,n400,confirmed
Toyota,f.j,FJ Cruiser,2,1,F.J,confirmed
MG,350,350,2,1,350,confirmed
SEAT,توليدو,Toledo,2,1,توليدو,confirmed
Geely,امبريال,Imprial,2,1,امبريال,confirmed
Hyundai,hl,H1,2,1,H L,confirmed
Chevrolet,b20,B20,2,1,b20,confirmed
Mercedes,170,Truck,2,1,170,confirmed
Toyota,راف,Rav 4,2,1,راف,confirmed
Skoda,سوبربكومفورت,Superb,2,1,سوبرب  كومفورت,confirmed
KIA,six,EV6,2,1,SIX,confirmed
Peugeot,505,505,2,1,505,confirmed
JAC,iev6e,IEV6E,2,1,iEV6E,confirmed
Nissan,تيرانو,Terrano,2,1,تيرانو,confirmed
FIAT,null,Punto,2,1,null,confirmed
Hyundai,لافيتا,Matrix,2,1,لافيتا,confirmed
ZX Auto,komodoglx,Komodo,2,1,KOMODO GLX,confirmed
Private,sons,Grand,2,1,sons,confirmed
Mercedes,قلابblk911,Truck,2,1,قلاب B LK 911,confirmed
Chery,a11,A11,2,1,A11,confirmed
Hyundai,كوبيه,Veloster,2,1,كوبيه,confirmed
Mercedes,713,Truck,2,1,713,confirmed
HAV,مني,Mini,2,1,منى,confirmed
Daihatsu,تريوس,Terrios,2,1,تريـوس,confirmed
MG,2000,2000,2,1,2000,confirmed
Skania,p270,P-Series,2,1,P270,confirmed
Chevrolet,ابلاندر,Uplander,2,1,ابلاندر,confirmed
Mitsubishi,ماتريكس,Matrix,2,1,ماتريكس,confirmed
Mercedes,330,Truck,2,1,330,confirmed
Citroen,سبسيال,C3-Aircross,2,1,سبسيال,confirmed
Nissan,جلوريا,Gloria,2,1,جلوريا,confirmed
Mercedes,1841,1841,2,1,1841,confirmed
BAIC,سينوفا,Senova,2,1,سينوفا,confirmed
FORD,f450,F-Series,2,1,F450,confirmed
Mercedes,مجهزهبرافعهخطافيه,Truck,2,1,مجهزة برافعة خطافية,confirmed
Mercedes,mb140,MB140,2,1,MB140,confirmed
Chevrolet,4300,N-Series,2,1,4300,confirmed
AGRO,ak230,AK230,2,1,ak230,confirmed
Renault,kerax350,K-Series,2,1,kerax350,confirmed
Geely,gc5,GC5,2,1,GC5,confirmed
Geely,lc,LC,2,1,l c,confirmed
Citroen,بيرلينجو,Berlingo,2,1,بيرلينجو,confirmed
Mercedes,420,Truck,2,1,420,confirmed
Renault,كنجو,Kangoo,2,1,كنجو,confirmed
Renault,لودجي,Lodgy,2,1,لودجى,confirmed
Mercedes,2648,2648,2,1,2648,confirmed
Geely,kandi,Kandi,2,1,kandi,confirmed
JEEP,null,Wrangler,2,2,null | NULL,confirmed
Mitsubishi,روزا,Roza,2,1,روزا,confirmed
Volvo,f12,FH-Series,2,1,F 12,confirmed
Mercedes,4050,Truck,2,1,4050,confirmed
BAIC,سينوفاx25,X25,2,1,سينوفاX25,confirmed
Ecoline,e40,Bus,2,1,E40,confirmed
MAN,26464,26464,2,1,26464,confirmed
Chevrolet,شيفيفانg20,Van (N300 Series),2,1,شيفى فان G 20,confirmed
Isuzu,tld54,D-MAX,2,1,TLD54,confirmed
Mercedes,vito119,Vito,2,1,VITO 119,confirmed
Hyundai,جالوبر,Galloper,2,1,جالوبر,confirmed
Mercedes,140,Truck,2,1,140,confirmed
Mercedes,1935,Truck,2,1,1935,confirmed
Mercedes,3240,Truck,2,1,3240,confirmed
Sinotruk,hb587,HOWO420,2,1,hb587,confirmed
Exeed,90t,90T,2,1,90t,confirmed
Haval,h2,H2,2,1,H2,confirmed
Nissan,d21-007n,Pickup,2,1,D21-007N,confirmed
Helmarv,panda,Panda,2,1,PANDA,confirmed
Hyundai,سينتينال,Centennial,2,1,سينتينال,confirmed
Mitsubishi,بوكس,Box,2,1,بوكس,confirmed
JAC,ej7,EJ7,2,1,EJ7,confirmed
Changan,s35,CS35,2,1,S35,confirmed
Iveco,ad380t420h,ad380t420h,2,1,ad380t420h,confirmed
Volkswagen,تيروم,Teramont,2,1,تيروم,confirmed
TEU,fd30,Construction,2,1,fd30,confirmed
Chevrolet,بليزر,Blazer,2,1,بليزر,confirmed
Toyota,gxr6,GX-R,2,1,GXR-6,confirmed
KIA,سنتي,Sonet,2,1,سنتى,confirmed
Volkswagen,taigo,Taigo,2,1,TAIGO,confirmed
Volkswagen,يرامونت,Teramont,2,1,يرامونت,confirmed
Exeed,exeedtxl,TXL,2,1,EXEED TXL,confirmed
Geely,kavang,Okavango,2,1,KAVANG,confirmed
SANY,sy4152p,Construction,2,1,SY 4152-P,confirmed
Hyundai,hd160max.cab.lwb,Construction,2,1,HD160MAX.CAB.LWB,confirmed
Honda,nsi,NSI,2,1,NSI,confirmed
Renault,symbol,Symbol,2,1,SYMBOL,confirmed
Iveco,440s48,Truck,2,1,440s48,confirmed
Construction,825,Construction,2,1,825,confirmed
Toyota,فولز,Veloz,2,1,فولز,confirmed
Maxus,d60,D60,2,1,D60,confirmed
BMW,ix50,iX,2,1,ix50,confirmed
DS,ds4,DS4,2,1,ds 4,confirmed
Peugeot,جيتي,408,2,1,جى تى,confirmed
Volkswagen,scrocco,Scrocco,2,1,scrocco,confirmed
GMC,sierra1500at4,Sierra,2,1,SIERRA 1500 AT4,confirmed
Citroen,csrircross,C5,2,1,CSRIR CROSS,confirmed
Dongfeng,aeolusa30,Aeolos,2,1,AEOLUS A30,confirmed
Dacia,duster,Duster,2,1,DUSTER,confirmed
BYD,songchampion,Song Plus,2,1,SONG CHAMPION,confirmed
Hyundai,200,Construction,2,1,200,confirmed
Volvo,fm330hp,FM-Series,2,1,FM330HP,confirmed
Suzuki,فرونت,Fronx,2,1,فرونت,confirmed
Chevrolet,equinoxawd,Equinox,2,1,EQUINOX AWD,confirmed
Dongfeng,sx5,SX5,2,1,SX5,confirmed
Volkswagen,id4xprime,ID4,2,1,ID4 X PRIME,confirmed
Rivian,r1s,R1S,2,1,R1S,confirmed
Iveco,ml150e24ws,Truck,2,1,ML150E24WS,confirmed
Honda,اكوردsport,Accord,2,1,اكورد SPORT,confirmed
Toyota,fortuner.vx.v6,Fortuner,2,1,FORTUNER.VX.V6,confirmed
Hyundai,xcient6x4dump.lw,Truck,2,1,XCIENT6X4.DUMP.LW,confirmed
CAT,966h,966H,2,1,966H,confirmed
TATA,4438s,Truck,2,1,4438S,confirmed
Construction,631208,Construction,2,1,631208,confirmed
Toyota,توندرا,Tundra,2,1,توندرا,confirmed
Levan,620,620,2,1,620,confirmed
Nissan,ساتي,Sunny,2,1,ساتى,confirmed
Mercedes,gt63s,GT,2,1,gt63s,confirmed
Mercedes,s430,S-Class,2,1,S430,confirmed
Ferari,355f,355 F,2,1,355 F,confirmed
BMW,745,7-Series,2,1,745,confirmed
Land Rover,hsp,Range Rover,2,1,HSP,confirmed
Mercedes,560,560,2,1,560,confirmed
Mercedes,e350e,E-Class e,2,1,E350e,confirmed
Mercedes,s650,S-Class,2,1,S650,confirmed
Mercedes,180اسالسي,S-Class,2,1,180 اس ال سى,confirmed
Mercedes,gls63,GLS,2,1,GLS63,confirmed
BMW,540,5-Series,2,1,540,confirmed
Land Rover,فريلاندر,Freelander,2,1,فريلاندر,confirmed
Mercedes,cla45s,CLA,2,1,CLA45S,confirmed
Land Rover,l460,Range Rover,2,1,L460,confirmed
Mercedes,amgcla45s,CLA,2,1,amg cla45s,confirmed
BMW,m8,M8,2,1,M8,confirmed
Rolls Royce,wraith,Wraith,2,1,WRAITH,confirmed
Mercedes,gle63,GLE,2,1,GLE63,confirmed
Nissan,gtr,GTR,2,1,GTR,confirmed
Land Rover,b250,Velar,2,1,B250,confirmed
Mercedes,b250e,B-Class,2,1,b250e,confirmed
Mercedes,glc3004matic,GLC,2,2,GLC 300 4MATIC | GLC300 4 MATIC,confirmed
BMW,750,7-Series,2,1,750,confirmed
Mercedes,glc63s,GLC,2,1,GLC63 S,confirmed
AUDI,a1,A1,2,1,a1,confirmed
Aston Martin,dbx707,DBX,2,1,DBX707,confirmed
BMW,i7x60,i7,2,1,I7X60,confirmed
BMW,330e,3-Series E,2,1,330e,confirmed
Mercedes,eqc,EQC,2,1,EQC,confirmed
Mercedes,cla35,CLA,2,1,CLA 35,confirmed
Mercedes,amgs63e,S-Class,2,1,AMG s63e,confirmed
BMW,13,i3,2,1,13,confirmed
BMW,m235i,M235i,2,1,M235i,confirmed
BMW,430,4-Series,2,1,430,confirmed
BMW,335i,3-Series,2,1,335i,confirmed
BMW,i4m50,i4,2,1,I4 M50,confirmed
FORD,موستاج,Mustang,2,1,موستاج,confirmed
Ferari,812,GTS812,2,1,812,confirmed
Porche,718boxtergts,Boxter,2,1,718BOXTER GTS,confirmed
Porche,gt3rs911,911,2,1,GT3 RS911,confirmed
BMW,i5m60,i5,2,1,I5 M60,confirmed
Mercedes,gt63,GT,2,1,GT63,confirmed
Mercedes,gle300,GLE,2,1,GLE300,confirmed
Porche,911turbo,911,2,1,911 TURBO,confirmed
Aston Martin,db12,DB12,2,1,DB12,confirmed
Mercedes,glc63,GLC,2,1,GLC63,confirmed
Porche,panamera4g3,Panamera,2,1,PANAMERA 4G3,confirmed
Mazarati,levantegt,Levante,2,1,LEVANTE GT,confirmed
Land Rover,p440e-se,Range Rover,2,1,P440e-SE,confirmed
Dongfeng,ex1,EX1,2,1,EX1,confirmed
Mercedes,clc200,CLA,2,1,clc200,confirmed
Volkswagen,بولو,POLO,2,1,بولو,confirmed
Changan,eaduplus,Eado Plus,2,1,ُُEADU PLUs,confirmed
Mitsubishi,fk415e,Fuzo,2,1,FK415E,confirmed
Land Rover,p460sport,Range Rover,2,1,P460 SPORT,confirmed
Nissan,ارمادا,Armada,2,1,ارمادا,confirmed
Dongfeng,joyears500,Joyear,2,1,JOYEAR S500,confirmed
KGM,tivolixlv,Tivoli,2,1,TIVOLIXLV,confirmed
NIO,es6,EL6,2,1,ES6,confirmed
GMC,hev,Hummer,2,1,HEV,confirmed
BMW,i116,1-Series,2,1,i116,confirmed
Hongqi,hongqi,Hongqi,2,1,Hongqi,confirmed
BMW,535li,5-Series,2,1,535li,confirmed
AUDI,4,A4,2,1,4,confirmed
Mercedes,4852,Truck,2,1,4852,confirmed
Mitsubishi,spaceatar,Spaceatar,2,1,SPACEATAR,confirmed
Lincoln,aviator,Aviator,2,1,AVIATOR,confirmed
International,7300,7300,2,1,7300,confirmed
Mercedes,cle53amg,CLE,2,1,CLE 53 AMG,confirmed
Chevrolet,افنيو,Aveo,2,1,افنيو,confirmed
AUDI,q540e-tron,Q5e-tron,2,1,Q5 40e-tron,confirmed
Mercedes,c63s,AMG,2,1,C 63 S,confirmed
GMC,envoy,Envoy,2,1,ENVOY,confirmed
Hyundai,ستارجيزر,Stargazer,2,1,ستارجيزر,confirmed
Toyota,سبورا,Supra,2,1,سبورا,confirmed
Mercedes,gls300,GLS,2,1,GLS300,confirmed
Nissan,جوكاف15,Juke,2,1,جوك اف15,confirmed
Forthing,forthingt5evo,T5 Evo,2,1,FORTHING T5 EVO,confirmed
Mercedes,gls600,GLS,2,1,GLS600,confirmed
Chevrolet,corvettestingray,Corvette,2,1,corvette stingray,confirmed
Lotus,emeyas,Emeya,2,1,emeya s,confirmed
Toyota,راشgx,Rush,2,1,راش gx,confirmed
BYD,songphev,Song,2,1,SONG PHEV,confirmed
Lynk &amp; Co,8,8,2,1,8,confirmed
Peugeot,405,408,2,1,405,confirmed
Porche,911gts,911,2,1,911GTS,confirmed
Avatr,7pro,7,2,1,7 PRO,confirmed
AUDI,s5,RS5,2,1,S5,confirmed
BAIC,mz40,MZ40,2,1,MZ40,confirmed
Porche,911كاريراs,911,2,1,911كاريرا S,confirmed
BMW,18i,1-Series,2,1,18I,confirmed
Dongfeng,aeolusshine,Aeolos,2,1,AEOLUS SHINE,confirmed
JEEP,رينيجيد,Renegade,2,1,رينيجيد,confirmed
Jonda,jx1044tc,NKR,2,1,JX1044TC,confirmed
Avatr,07pro,7,2,1,07PRO,confirmed
Morgan,plusfour,PLUS FOUR,2,1,PLUS FOUR,confirmed
AITO,m7,M7,2,1,M7,confirmed
Denza,d9,D9,2,1,D9,confirmed
Mercedes,c260,C-Class,2,1,C260,confirmed
Avatr,06pro,6,2,1,06PRO,confirmed
Yangwang,yangwangu8,U8,2,1,YANGWang u8,confirmed
Mini Coper,كانتريمانe,Countryman,2,1,كانترى مان E,confirmed
Forthing,u-tour,U-TOUR,2,1,U-TOUR,confirmed
Scania,r500,R500,2,1,R500,confirmed
Land Rover,sportp460e,Range Rover,2,1,SPORT P460e,confirmed
Iveco,daily35s15,Truck,2,1,Daily 35S15,confirmed
Shineray,0,X30,2,1,0,confirmed
JAC,refinerf8,Refine RF8,2,1,Refine RF8,confirmed
BYD,leopard,Leopard,2,1,Leopard,confirmed
Venucia,v-online260t,V,2,1,V-online260T,confirmed
Hyundai,افانتيcn7,Elantra (CN7),2,1,افانتي CN7,confirmed
Iveco,t720t47,Truck,2,1,T720T47,confirmed
Bentley,continentalgtc,Continental,2,1,Continental GTC,confirmed
Lamborghini,اوروسse,Urus,2,1,أوروس se,confirmed
Dongfeng,m-hero,M-Hero,2,1,M-HERO,confirmed
Volvo,xc90t8,XC90,2,1,XC90 T8,confirmed
Sinotruk,g7430,G7430,2,1,G7430,confirmed
Xpeng,monam03,M03,2,1,Mona M03,confirmed
Dodge,ram-trx,Ram,2,1,RAM-TRX,confirmed
Soueast,(blank),DX3,2,1,(blank),confirmed
Lotus,eletre,ELETRE R,2,1,ELETRE,confirmed
Xiaomi,su7ultra,SU7,2,1,SU7 ULTRA,confirmed
BMW,i5edrive,i5,2,1,i5 eDrive,confirmed
Geely,azkarra,Azkarra,2,1,AZKarra,confirmed
Tesla,(blank),Null,2,1,(blank),confirmed
Chevrolet,nqrmcv230,NQR 71,2,1,NQR MCV230,confirmed
Exeed,et,ET,2,1,ET,confirmed
Exeed,es,ES,2,1,ES,confirmed
BMW,5xمصفحه,X5,2,1,5 X مصفحة,confirmed
Chevrolet,نصفنقلبوحدهتبريد,T-Series,2,1,نصف نقل بوحدة تبريد,confirmed
Chevrolet,قلاب,N-Series,2,1,قلاب,confirmed
Shacman,f3000,Shacman,2,1,F3000,confirmed
Honda,nb2,E-NP2,2,1,NB2,confirmed
Forthing,v9,V9,2,1,V9,confirmed
Land Rover,voguesv615,Vogue,2,1,VOGUE SV615,confirmed
Jenhoo,ev48,EV48,2,1,EV48,confirmed
Soueast,s06dm,S06DM,2,1,S06DM,confirmed
JAC,t6,T6 DC,2,1,T6,confirmed
Dongfeng,captainw,Captain W,2,1,Captain w,confirmed
Mercedes,cla300l,CLA,2,1,CLA300 L,confirmed
Xiaomi,yu7pro,YU7,2,1,YU 7 PRO,confirmed
Huawei,s800,S800,2,1,s800,confirmed
Voyah,free+,Free,2,1,free+,confirmed
Porche,cayenneblackedition,Cayenne,2,1,Cayenne BLack Edition,confirmed
Dongfeng,aeolusskyev01,Aeolos,2,1,Aeolus SKY EV01,confirmed
BYD,ليوبارد7,Leopard,2,1,ليوبارد7,confirmed
Soueast,s08,S08,2,1,S08,confirmed
TATA,ultrat9,Ultra,2,1,ultra t.9,confirmed
Mitsubishi,لانسرgls,Lancer,2,1,لانسرGLS,confirmed
MG,mgb,MGB,2,1,MGB,confirmed
Kenbo,null,S3,1,1,null,confirmed
Volvo,40اس,S40,1,1,40 اس,confirmed
FORD,كوجا,Kuga,1,1,كوجا,confirmed
Peugeot,504ال,504,1,1,504 ال,confirmed
Hyundai,تراجيت,Traget,1,1,تراجيت,confirmed
Mercedes,راسجرار608lps,Truck,1,1,رأس جرار 608 LPS,confirmed
Changhe,qv,QV,1,1,QV,confirmed
Volkswagen,life,Caddy,1,1,LIFE,confirmed
Mitsubishi,l300,L 300,1,1,L 300,confirmed
FIAT,بونتو,Punto,1,1,بونتو,confirmed
Xpeng,null,Xpeng,1,1,null,confirmed
Volkswagen,باساتgl,Passat,1,1,باسات GL,confirmed
FIAT,كوبو,Qubo,1,1,كوبو,confirmed
DFSK,eq6400lf,EQ6400LF,1,1,EQ6400LF,confirmed
Nissan,اتيا,Ariya,1,1,اتيا,confirmed
Mercedes,امسيفي400,MCV400,1,1,ام سى فى 400,confirmed
Chevrolet,لافاايجبت,Lava,1,1,لافـاايجبـت,confirmed
Toyota,اوريس,Auris,1,1,اوريس,confirmed
Volvo,v70,V70,1,1,V 70,confirmed
Changan,ميكروباص,New Star,1,1,ميكروباص,confirmed
Mercedes,320,Truck,1,1,320,confirmed
Volkswagen,باساتs,Passat,1,1,باسات S,confirmed
Changan,ch1010,New Star,1,1,CH1010,confirmed
Mercedes,2551,Truck,1,1,2551,confirmed
Mercedes,41041,Truck,1,1,41041,confirmed
Volkswagen,باساتc,Passat,1,1,باسات C,confirmed
Mercedes,قلابdlpk608,Truck,1,1,قلاب D LPK 608,confirmed
Volvo,90اس,S90,1,1,90 اس,confirmed
JAC,جونو,Gona,1,1,جونو,confirmed
FORD,فيوجي,Fusion,1,1,فيوجي,confirmed
DOMY,x5,X5,1,1,X5,confirmed
Chana,gm8,GM8,1,1,G m 8,confirmed
Chery,a213,A213,1,1,A213,confirmed
GWM,رول,Wingle5,1,1,رول,confirmed
Chana,vioi,Benni,1,1,VIOI,confirmed
Mercedes,نقل1319lp,Truck,1,1,نقل 1319 LP,confirmed
Suzuki,vitarasidekick,Vitara,1,1,vitara sidekick,confirmed
Mercedes,2228,Truck,1,1,2228,confirmed
Changan,sc1010b,New Star,1,1,SC1010B,confirmed
KIA,اسبكترا,spectra,1,1,اسبكترا,confirmed
Mercedes,308,Truck,1,1,308,confirmed
Chana,بيني,Benni,1,1,بينى,confirmed
Skania,713,713,1,1,713,confirmed
Mercedes,430,Truck,1,1,430,confirmed
Changhe,ch6390,Changhe,1,1,CH6390,confirmed
Skania,81l8154,L-Series,1,1,81 L 8154,confirmed
Chevrolet,استبفان20p,Van (N300 Series),1,1,استـب فان 20 P,confirmed
JEEP,patriot,Patriot,1,1,PATRIOT,confirmed
FORD,نافيجيتور,Navigator,1,1,نافيجيتور,confirmed
Volkswagen,واجنكرافيللي,Carvelle,1,1,واجن كرافيللى,confirmed
Subaru,اوتباك,Outback,1,1,اوت باك,confirmed
Hawtai,a25,A25,1,1,A25,confirmed
Hyundai,solaris,Solaris,1,1,solaris,confirmed
Peugeot,305,305,1,1,305,confirmed
Mercedes,1850,Truck,1,1,1850,confirmed
FAW,ca6350az,CA6350AZ,1,1,CA6350AZ,confirmed
Peugeot,605,605,1,1,605,confirmed
Peugeot,rcz,RCZ,1,1,RCZ,confirmed
Honda,اوديي,Odyssey,1,1,اوديى,confirmed
Chevrolet,افالانش,Avalanche,1,1,افالانش,confirmed
Mercedes,2542,Truck,1,1,2542,confirmed
Mercedes,امسيفي200,MCV200,1,1,ام سى فى 200,confirmed
Toyota,سينتا,Seinta,1,1,سينتا,confirmed
Renault,توينجو,Twingo,1,1,توينجو,confirmed
Toyota,اكسيو,Corolla,1,1,اكسيو,confirmed
Nissan,سيلفي,Selfie,1,1,سيلفي,confirmed
MG,360,360,1,1,360,confirmed
Toyota,r22,R22,1,1,R22,confirmed
Mercedes,نقل1719,Truck,1,1,نقل 1719,confirmed
Toyota,rh20v,RH20V,1,1,RH20V,confirmed
Isuzu,66l,66L,1,1,66L,confirmed
BYD,g3,G3,1,1,G3,confirmed
CAT,null,Construction,1,1,null,confirmed
Dodge,رام3500,Ram,1,1,رام 3500,confirmed
Cubra,null,Cubra,1,1,null,confirmed
Peugeot,504,504,1,1,504,confirmed
Mercedes,2543,Truck,1,1,2543,confirmed
Chevrolet,سكايلاين,Skyline,1,1,سكاى لاين,confirmed
Peugeot,rifter,Rifter,1,1,RIFTER,confirmed
BYD,g3r,G3,1,1,G3R,confirmed
Construction,tt75_2wd,Construction,1,1,tt75_2wd,confirmed
Peugeot,607,607,1,1,607,confirmed
Nissan,ميكروباسe23,Urvan,1,1,ميكروباس E 23,confirmed
BYD,ev600,EV600,1,1,EV600,confirmed
Forland,null,Forland,1,1,NULL,confirmed
Renault,twizy,Twizy,1,1,twizy,confirmed
FIAT,500e,500,1,1,500E,confirmed
Construction,ltm1060,Construction,1,1,LTM1060,confirmed
Mercedes,230,Truck,1,1,230,confirmed
Renault,170s,170S,1,1,170 S,confirmed
Changan,بيني,Benni,1,1,بيني,confirmed
Mercedes,3351,Truck,1,1,3351,confirmed
Mercedes,خلاطهخرسانه,Truck,1,1,خلاطة خرسانة,confirmed
Nissan,سيدرك,سيدرك,1,1,سيدرك,confirmed
MAN,tgs40.540,TGS 40.540,1,1,TGS 40.540,confirmed
KGM,موسو,Musso,1,1,موسو,confirmed
Renault,450,450,1,1,450,confirmed
Changan,cx70,CX70,1,1,cx 70,confirmed
Hyundai,50da7e,Truck,1,1,50da7e,confirmed
FORD,اكسبديشن,Expedition,1,1,اكسبديشن,confirmed
Iveco,316,316,1,1,316,confirmed
Alwahsh,td404,Construction,1,1,td404,confirmed
Mercedes,3344s,Truck,1,1,3344s,confirmed
Private,جراند,Grand,1,1,جراند,confirmed
Iveco,1.8000000000000001e+26,1.8000000000000001E+26,1,1,1.8000000000000001E+26,confirmed
Aldamani,dmv300,DMV300,1,1,DMV300,confirmed
Scania,k310ib4*2,Truck,1,1,K310IB4*2,confirmed
Chevrolet,l200,T-Series,1,1,L200,confirmed
Renault,فلوانس,Fluence,1,1,فلوانس,confirmed
Mercedes,انتوس3245,Truck,1,1,انتوس 3245,confirmed
Construction,ونشرفع,Construction,1,1,ونش رفع,confirmed
Volkswagen,بورا,Bora,1,1,بورا,confirmed
Dongfeng,s30,S30,1,1,S30,confirmed
Construction,كروس,Construction,1,1,كروس,confirmed
Iveco,360,350,1,1,360,confirmed
Zoyte,اكسبلوجن,Z100,1,1,اكسبلوجن,confirmed
Volkswagen,كرافتر,Crafter,1,1,كرافتر,confirmed
Hycan,z03,Z03,1,1,Z03,confirmed
KIA,راي,Ray,1,1,راي,confirmed
Toyota,افجيكروزر,FJ Cruiser,1,1,اف جي كروزر,confirmed
Alwahsh,te404,Construction,1,1,TE404,confirmed
Mercedes,2641,Truck,1,1,2641,confirmed
Construction,820,Construction,1,1,820,confirmed
Honda,sr,Civic,1,1,SR,confirmed
JAC,a10,A10,1,1,A10,confirmed
FIAT,dolceuita500,500 Dolcevita,1,1,DOLCEUITA 500,confirmed
Pacton,null,Construction,1,1,NULL,confirmed
MG,30t,HS,1,1,30T,confirmed
Infinity,qx80,QX80,1,1,QX 80,confirmed
FIAT,f130,Construction,1,1,F130,confirmed
Nissan,فيرسا,Versa,1,1,فيرسا,confirmed
CHTC,hyk6605gbev,CHTC,1,1,HYK6605GBEV,confirmed
Mercedes,3263,Truck,1,1,3263,confirmed
Chevrolet,ترك,Truck,1,1,ترك,confirmed
DS,4as,4AS,1,1,4AS,confirmed
Chevrolet,سوبربان,Suburban,1,1,سوبر بان,confirmed
Chery,2برو,Tiggo2 Pro,1,1,2برو,confirmed
GAC,gs5,GS5,1,1,GS5,confirmed
Iveco,p380,Truck,1,1,P380,confirmed
Mercedes,2553,Truck,1,1,2553,confirmed
JAC,js5,S5,1,1,JS5,confirmed
MG,h3,MG3,1,1,H3,confirmed
Iveco,440s50,Truck,1,1,440S50,confirmed
Bestune,تي77واجن,T77,1,1,تى 77 واجن,confirmed
ZhongTong,lck6l29h,Bus,1,1,LCK6L29H,confirmed
KIA,visto,Visto,1,1,visto,confirmed
Rabdan,هيدك,One,1,1,هيدك,confirmed
Volkswagen,id5pro,ID5,1,1,ID5 PRO,confirmed
MG,zs11,MGZS,1,1,ZS11,confirmed
Scania,null,Truck,1,1,NULL,confirmed
Volvo,fh6x4r480hp,FH-Series,1,1,FH6X4R 480HP,confirmed
Dacia,سانديرو,Sandero,1,1,سانديرو,confirmed
Joylong,hkl6540c,Joylong,1,1,HKL6540C,confirmed
Mercedes,4150,Truck,1,1,4150,confirmed
Joylong,hkl6480c,Joylong,1,1,HKL6480C,confirmed
Haval,h3,H3,1,1,H3,confirmed
Suzuki,sidekickvitara,Vitara,1,1,sidekick vitara,confirmed
SEAT,null,Leon,1,1,NULL,confirmed
Kenworth,t270,T270,1,1,T270,confirmed
Changan,بونيكي,UNI-K,1,1,بوني كي,confirmed
MG,620t,MG6,1,1,620T,confirmed
Mercedes,slt180,Truck,1,1,SLT180,confirmed
JEEP,compass4xe,Compass,1,1,COMPASS 4XE,confirmed
FAW,x40,X40,1,1,X40,confirmed
FORD,fusion,Fusion,1,1,FUSION,confirmed
Construction,404,Construction,1,1,404,confirmed
DFSK,ec35,EC35,1,1,EC35,confirmed
Mazda,cx9,CX3,1,1,CX9,confirmed
Iveco,180/280,Truck,1,1,180/280,confirmed
Volkswagen,جولفtsi,Golf,1,1,جولف tsi,confirmed
Toyota,لاندكروزرvx,Land Cruiser,1,1,لاند كروزر VX,confirmed
Toyota,جياكسارستيشنواجن,Land Cruiser,1,1,جى اكس ار ستيشن واجن,confirmed
FORD,3543d,F-Series,1,1,3543D,confirmed
FORD,ايدج,Edge,1,1,ايدج,confirmed
GMC,h3,Hummer,1,1,H3,confirmed
Toyota,velozcross,VELOZ CROSS,1,1,VELOZ CROSS,confirmed
Chevrolet,مينلو,Melno,1,1,مينلو,confirmed
Dongfeng,aeolusax7,Aeolos,1,1,AEOLUS AX7,confirmed
Renault,c460,C460,1,1,C460,confirmed
Dongfeng,ax7320t,AX7,1,1,AX7 320T,confirmed
Hyundai,palisad,Palisade,1,1,palisad,confirmed
Hyundai,كاسبر,Casper,1,1,كاسبر,confirmed
Mercedes,actros3342,Truck,1,1,ACTROS 3342,confirmed
Nissan,platinum,Patrol,1,1,PLATINUM,confirmed
Changan,cs95,CS95,1,1,CS 95,confirmed
Toyota,gl-hiace,Hiace,1,1,GL-HIACE,confirmed
Volkswagen,id4crozzpureplus,ID4,1,1,ID4 CROZZ PURE PLUS,confirmed
Honda,بايلوت,Pilot,1,1,بايلوت,confirmed
Skoda,يتي,Yeti,1,1,يتي,confirmed
Isuzu,دينا,D-MAX,1,1,دينا,confirmed
Exeed,exeed,TXL,1,1,EXeed,confirmed
Volkswagen,t-roc,T ROC,1,1,T-ROC,confirmed
Skoda,يتيامبيشن,Yeti,1,1,يتى امبيشن,confirmed
Cubra,ليون,Leon,1,1,ليــون,confirmed
FORD,150,F-Series,1,1,150,confirmed
Komodo,glx,G L X,1,1,G L X,confirmed
FORD,broncostation,Bronco,1,1,BRONCO STATION,confirmed
Geely,مونجارو,Monjaro,1,1,مونجارو,confirmed
Honda,cr-vlx,CR-V,1,1,CR-V LX,confirmed
Geely,fx12gf,Coolray,1,1,FX12 GF,confirmed
FIAT,باندا,Panda,1,1,باندا,confirmed
Toyota,كوندور,Condor,1,1,كوندور,confirmed
Volkswagen,id6xpro,ID6,1,1,ID6X PRO,confirmed
Exeed,txl290t,TXL,1,1,TXL290T,confirmed
Geely,جياس1300,Emegrand 7,1,1,جي اس 1300,confirmed
JEEP,limited4x4,Grand Cherokee,1,1,LIMITED 4X4,confirmed
TATA,6038s,Truck,1,1,6038S,confirmed
Citroen,c3ايركروس,C3-Aircross,1,1,C3ايركروس,confirmed
Nissan,تيرول,Patrol,1,1,تيرول,confirmed
Mercedes,2042,Truck,1,1,2042,confirmed
FORD,ايكو,Ecosport,1,1,ايكو,confirmed
Geely,e8,E8,1,1,E8,confirmed
Mercedes,cdi416,CDI416,1,1,CDI416,confirmed
FORD,فوكس,Focus,1,1,فوكس,confirmed
Nissan,كابالنقل,Caball,1,1,كابال نقل,confirmed
BMW,418i,4-Series,1,1,418i,confirmed
Mini Coper,سيتي,City,1,1,سيتـى,confirmed
BMW,x33,X3,1,1,x33,confirmed
BMW,320li,3-Series,1,1,320li,confirmed
Mercedes,s550,S-Class,1,1,s550,confirmed
Ferari,pista488,PISTA 488,1,1,PISTA 488,confirmed
Mercedes,glk300,GLK,1,1,GLK 300,confirmed
Mercedes,gta63,GT,1,1,GTA63,confirmed
Chrysler,باسيفيا,Pacifica,1,1,باسيفيا,confirmed
BMW,650,6-Series,1,1,650,confirmed
Alfa Romeo,جونيور,Junior,1,1,جونيور,confirmed
Mercedes,260,260,1,1,260,confirmed
Mercedes,b160,B-Class,1,1,B160,confirmed
Porche,360,360,1,1,360,confirmed
Jaguar,x3,X3,1,1,X3,confirmed
BMW,630,6-Series,1,1,630,confirmed
Lexus,rx350,RX 350,1,1,RX 350,confirmed
BMW,100,1-Series,1,1,100,confirmed
Mercedes,e240,e-240,1,1,e 240,confirmed
AUDI,aa,A4,1,1,AA,confirmed
Mercedes,450اسايال,S-Class,1,1,450 اس اى ال,confirmed
Land Rover,null,Range Rover,1,1,NULL,confirmed
Lincoln,نافيجاتور,Navigator,1,1,نافيجاتور,confirmed
Hyundai,1300gls,GLS,1,1,1300 GLS,confirmed
Maclaren,570s,570s,1,1,570s,confirmed
Mercedes,amggtr,AMG GTR,1,1,AMG GTR,confirmed
BMW,30isdrive,X3,1,1,30 isdrive,confirmed
Maclaren,720s,720s,1,1,720s,confirmed
BMW,ci645,6-Series,1,1,CI 645,confirmed
Mercedes,clg43,CLA,1,1,CLG43,confirmed
BMW,i7xdrive,i7,1,1,I7 Xdrive,confirmed
AUDI,كاترو,Quatro,1,1,كاترو,confirmed
Mercedes,cla200e,CLA,1,1,CLA200E,confirmed
BMW,m135i,M135I,1,1,M135I,confirmed
BMW,330exdrive,3-Series E,1,1,330e xDrive,confirmed
AUDI,كواترو,Quatro,1,1,كواترو,confirmed
FORD,موستنج350v175,Mustang,1,1,موستنج 350V-175,confirmed
BMW,745e,7-Series,1,1,745e,confirmed
Mercedes,gib200,GLB,1,1,GIB200,confirmed
Mercedes,gls500,GLS,1,1,GLS500,confirmed
Lexus,ليجزيس,LX570,1,1,ليجزيس,confirmed
BMW,m550i,5-Series,1,1,M550I,confirmed
AUDI,rs3,RS3,1,1,RS3,confirmed
Lotus,ايفورا,Evora,1,1,ايفورا,confirmed
Porche,cayennee-hybrid,Cayenne,1,1,cayenne E-HYBRID,confirmed
Tesla,dual,Model S,1,1,DUAL,confirmed
AUDI,rs7,RS7,1,1,RS7,confirmed
BMW,320e,3-Series E,1,1,320e,confirmed
Porche,كايمن718gts4,Cayman,1,1,كايمن 718 gts4,confirmed
Mercedes,gl550,G-Class,1,1,GL550,confirmed
Porche,turbo,Porche,1,1,Turbo,confirmed
BMW,430igrancoupe,4-Series,1,1,430I GRAN COUPE,confirmed
Mini Coper,كويلر,Coper,1,1,كويلر,confirmed
AUDI,s3,RS3,1,1,S3,confirmed
Porche,بانميرا4s,Panamera,1,1,بانميرا 4s,confirmed
Land Rover,p525,Range Rover,1,1,P525,confirmed
Mercedes,eqesuv350,EQE,1,1,EQE SUV 350,confirmed
AUDI,s8,RS8,1,1,S8,confirmed
BYD,diego,Seal,1,1,diego,confirmed
Maclaren,artura,Artura,1,1,Artura,confirmed
BMW,edrive,3-Series E,1,1,eDRIVE,confirmed
BMW,230i,2-Series,1,1,230i,confirmed
BMW,x1250e,X1,1,1,X1 250e,confirmed
Mercedes,4matic408hp,GLC,1,1,4MATIC 408 HP,confirmed
Lexus,gx460,GX460,1,1,GX460,confirmed
BMW,250i,2-Series,1,1,250I,confirmed
BYD,sealev,Seal,1,1,SeaL EV,confirmed
Porche,carrerat,Carrera,1,1,CARRERA T,confirmed
Porche,carrera4gts,Carrera,1,1,carrera 4 gts,confirmed
Mercedes,eqs,EQS,1,1,EQS,confirmed
Mercedes,c200d,C-Class,1,1,C200D,confirmed
Mercedes,220اس,S-Class,1,1,220 اس,confirmed
Mercedes,glb,GLB,1,1,GLB,confirmed
Lotus,eletrelhr,ELETRE R,1,1,ELETRE LHR,confirmed
Alfa Romeo,tonaleti-tri,Tonale,1,1,TONALE  TI-TRI,confirmed
BMW,i30,i3,1,1,I30,confirmed
BMW,l3,i3,1,1,L3,confirmed
Mini Coper,oxford,Oxford,1,1,OXFORD,confirmed
Mini Coper,continental,Continental,1,1,CONTINENTAL,confirmed
Mercedes,1846,GLC,1,1,1846,confirmed
Mercedes,e63s,E-Class,1,1,E63S,confirmed
Jiangsu,huazi,Huazi,1,1,HUAZI,confirmed
FIAT,c500,500,1,1,C500,confirmed
Land Rover,discoverysportp300e,Discovery,1,1,DISCOVERY SPORT P300e,confirmed
BMW,220i,2-Series,1,1,220i,confirmed
JIDU,jiyue,Jiyue,1,1,jiyue,confirmed
Exeed,اكسيدlx,LX,1,1,اكسيد LX,confirmed
Dongfeng,m5ev,M5 EV,1,1,M5 EV,confirmed
Chery,e5,OMDA E5,1,1,E 5,confirmed
Mitsubishi,a211a,Lancer,1,1,A211A,confirmed
BMW,31gi,3-Series,1,1,31Gi,confirmed
BMW,1335l,1335L,1,1,1335L,confirmed
JEEP,جراندشيروكيsummit,Grand Cherokee,1,1,جراند شيروكي SUMMIT,confirmed
Changan,uni-s,UNI-S,1,1,UNI-S,confirmed
BMW,17x,X7,1,1,17X,confirmed
Volkswagen,t7multivan,T7 MULTIVAN,1,1,T7 MULTIVAN,confirmed
Volkswagen,4motion,Tiguan,1,1,4motion,confirmed
Mitsubishi,مونتيروسبورت,Montero,1,1,مونتيرو سبورت,confirmed
Toyota,هايلاند,Highlander,1,1,هاى لاند,confirmed
Alwahsh,ap704,Construction,1,1,AP704,confirmed
Mercedes,a45,A-Class,1,1,A45,confirmed
KIA,سيفيا,Sephia,1,1,سيفيا,confirmed
Chery,eq3,I CAR 03,1,1,EQ3,confirmed
Mercedes,amggt,GT,1,1,AMG GT,confirmed
BMW,i3l,i3,1,1,I3L,confirmed
JEEP,كومباسليمتد,Compass,1,1,كومباس ليمتد,confirmed
Nissan,kickssr,Kicks,1,1,KICKS SR,confirmed
BEI BEN,2642,Truck,1,1,2642,confirmed
Mercedes,arocs2136,Truck,1,1,AROCS 2136,confirmed
Volkswagen,id4gtx,ID4,1,1,ID.4 GTX,confirmed
BMW,x2m35i,X2,1,1,X2M35I,confirmed
Land Rover,p550e,Range Rover,1,1,P550e,confirmed
NIO,es8,EL8,1,1,ES8,confirmed
Rabdan,وان,One,1,1,وان,confirmed
Mercedes,gle350e,GLE,1,1,GLE350E,confirmed
Subaru,awdxv,XV,1,1,AWD XV,confirmed
Haval,هافالجوليان,Jolion,1,1,هافال جوليان,confirmed
MG,rx6,RX5,1,1,RX6,confirmed
Chevrolet,شيفيفانg30,Van (N300 Series),1,1,شيفى فان G 30,confirmed
Cadillac,اسكاليد600,Escalade,1,1,اسكاليد 600,confirmed
GAC,aionyplus,AION Y PLUS,1,1,AION Y PLUS,confirmed
Mercedes,s63e,S-Class,1,1,S63e,confirmed
Mazarati,granturismo,GRAN TURISMO,1,1,GRAN TURISMO,confirmed
TATA,407/31,Truck,1,1,407/31,confirmed
BYD,qin,Qin Plus,1,1,QIN,confirmed
Haval,gmw,H6,1,1,GMW,confirmed
Buick,velite6,VELITE 6,1,1,VELITE 6,confirmed
BMW,316i,3-Series,1,1,316I,confirmed
Volvo,fh500,FH-Series,1,1,FH500,confirmed
Porche,718caymangt4rs,Cayman,1,1,718 CAYMAN GT4 RS,confirmed
BMW,m50,5-Series,1,1,M50,confirmed
Mercedes,gl63,G-Class,1,1,GL63,confirmed
Wuling,f510s,F510S,1,1,F510S,confirmed
Mercedes,amgsl43,SL-Class,1,1,AMG SL 43,confirmed
SEAT,tarracefr,Tarraco,1,1,TARRACE FR,confirmed
Hyundai,ex6,Truck,1,1,EX6,confirmed
Toyota,لاندكروزرfj,FJ Cruiser,1,1,لاند كروزر FJ,confirmed
Porche,911gt3rs,911,1,1,911GT3 RS,confirmed
Mercedes,arocs4036,Truck,1,1,AROCS 4036,confirmed
Rising,r7,R7,1,1,R7,confirmed
GMC,hummerev2x,Hummer,1,1,HUMMER EV 2X,confirmed
Mercedes,c200l,C-Class,1,1,C200L,confirmed
Iveco,460,Truck,1,1,460,confirmed
Mercedes,3352,Truck,1,1,3352,confirmed
Ferari,sf90xx,SF90XX,1,1,SF90XX,confirmed
Wuling,bingo,Bingo Plus,1,1,bingo,confirmed
Wuling,xingguang,F510C,1,1,XINGGUANG,confirmed
Bentley,azurebentayga,Bentayga,1,1,AZURE BENTAYGA,confirmed
NETA,x500,X,1,1,X 500,confirmed
Peugeot,جيتي208,208,1,1,جي تي208,confirmed
BAIC,x7280t,X7,1,1,X7 280T,confirmed
Mercedes,eqv,EQV,1,1,EQV,confirmed
Sinogold,junxing,Junxing,1,1,JUNXING,confirmed
Land Rover,velarp400e,Velar,1,1,VELAR P400E,confirmed
Subaru,x7,XV,1,1,x7,confirmed
Mercedes,3548,Truck,1,1,3548,confirmed
Iveco,240-150,Truck,1,1,240-150,confirmed
Land Rover,sportp510ehybird,Range Rover,1,1,SPORT P510E HYBIRD,confirmed
BMW,x1sdrive18i,iX1,1,1,X1 S Drive 18i,confirmed
Lamborghini,revuelto,Revuelto,1,1,Revuelto,confirmed
KIA,bongoev,Bongo,1,1,BONGO EV,confirmed
AUDI,sq8e-tron,Q8 e-tron,1,1,SQ8 e-tron,confirmed
Land Rover,evoquep270,Evoque,1,1,EVOQUE P270,confirmed
Porche,718caymanstyle,Cayman,1,1,718CAYMAN STYLE,confirmed
Porche,718,Cayman,1,1,718,confirmed
BMW,760ixdrive,7-Series,1,1,760I XDRIVE,confirmed
Shineray,shineray145,X30,1,1,SHINERAY145,confirmed
BMW,xm,iX1,1,1,XM,confirmed
Mitsubishi,nk75m-v,Construction,1,1,NK-75M-V,confirmed
Aston Martin,vantagecoupe,Vantage,1,1,VANTAGE COUPE,confirmed
Maclaren,gt,GT,1,1,GT,confirmed
Toyota,لاندكروزربرادوgxr,Land Cruiser,1,1,لاند كروزر برادو GXR,confirmed
BMW,m340ixdrive,3-Series,1,1,M340I XDRIVE,confirmed
Mercedes,g63amgmagno,G-Class,1,1,G63 AMG MAGNO,confirmed
Mercedes,v300avantgarde,V-Class,1,1,V300 AVANTGARDE,confirmed
Sinotruk,g7480,HOWO420,1,1,G7 480,confirmed
Volvo,460,FH-Series,1,1,460,confirmed
KIA,ev5720,EV5,1,1,EV5 720,confirmed
Honda,e:ny1,e:NY1,1,1,e:NY1,confirmed
Mercedes,glc180,GLC,1,1,GLC180,confirmed
Land Rover,voguep400,Vogue,1,1,VOGUE P400,confirmed
Kaiyi,e5,E5,1,1,E5,confirmed
AITO,m5,M5,1,1,M5,confirmed
Chery,icar03,I CAR 03,1,1,I CAR 03,confirmed
BMW,x6m,X6,1,1,X6 M,confirmed
Ineos,grenadier,Grenadier,1,1,Grenadier,confirmed
Dongfeng,shine,Aeolos,1,1,SHINE,confirmed
Changan,qiyuan,Qiyuan,1,1,QIYUAN,confirmed
Deepal,deepalg315,G315,1,1,DEEPAL G315,confirmed
Shineray,t30,X30,1,1,T30,confirmed
Changan,l7,L7,1,1,L7,confirmed
Land Rover,evoquep300e,Evoque,1,1,EVOQUE P300E,confirmed
Land Rover,p400se,Vogue,1,1,P400 SE,confirmed
Avatr,12max,12,1,1,12MAX,confirmed
Denza,z9,Z9,1,1,Z9,confirmed
MAN,tgs33.360,TGS 33.480,1,1,TGS 33.360,confirmed
SKY WORTH,k,K,1,1,K,confirmed
Lotus,emirafirstedition,Emira,1,1,EMIRA FIRST EDITION,confirmed
Mercedes,4545,Truck,1,1,4545,confirmed
Shacman,0,Shacman,1,1,0,confirmed
Hyundai,kona,Kona,1,1,Kona,confirmed
Venucia,v-onlineddi,V,1,1,V-online DDI,confirmed
Zotye,t300,T300,1,1,T 300,confirmed
DFSK,m4,M4,1,1,M4,confirmed
Joylong,0,Joylong,1,1,0,confirmed
Forland,0,Commercial,1,1,0,confirmed
Kinglong,0,Kinglong,1,1,0,confirmed
BYD,7,Seal 07,1,1,7,confirmed
Mercedes,eqs450x,EQS,1,1,EQS 450X,confirmed
Geely,coolrayplus,Coolray,1,1,Coolray Plus,confirmed
Toyota,لاندكروزرlxv6hardtop,Land Cruiser,1,1,لاند كروزر LX V6 HARD TOP,confirmed
Toyota,راشf800,Rush,1,1,راشF800,confirmed
Mercedes,eqa300,EQA,1,1,EQA 300,confirmed
Wuling,miniev,Mini EV,1,1,MINI EV,confirmed
Porche,911carrera4gts,Carrera,1,1,911carrera 4gts,confirmed
Mini Coper,aceman,Aceman,1,1,ACEMAN,confirmed
Jetour,shanhait1,T1,1,1,Shanhai t1,confirmed
Mercedes,c240,C-Class,1,1,C240,confirmed
FIAT,wingamm,Wingamm,1,1,Wingamm,confirmed
GMC,terraain-at4,Terrain,1,1,TERRAAIN-AT4,confirmed
DS,ds7etoile,DS7,1,1,DS7 ETOILE,confirmed
Chevrolet,kblf,Captiva,1,1,KBLF,confirmed
Iveco,s-way530,Truck,1,1,S-WAY530,confirmed
ROX,(blank),1,1,1,(blank),confirmed
Nissan,sentrasv,Sentra,1,1,SENTRA SV,confirmed
BYD,qinplusdm-i,Qin Plus,1,1,QIN PLUS DM-i,confirmed
BYD,f0,F3,1,1,f0,confirmed
Hyundai,hd320,HD-Series,1,1,HD320,confirmed
Toyota,فيلوزglx,Veloz,1,1,فيلوز GLX,confirmed
BYD,seal06gt,BYD,1,1,SeaL 06 GT,confirmed
GAC,(blank),AION,1,1,(blank),confirmed
Skyworth,k-i,K-I,1,1,K-I,confirmed
Denza,denzad9,D9,1,1,Denza D9,confirmed
Land Rover,sportsvp635,Range Rover,1,1,sport sv p635,confirmed
BMW,i5edrive40l,i5,1,1,i5 eDrive40l,confirmed
Omoda,omodac5,C5,1,1,Omoda C5,confirmed
GMC,sierraat4,Sierra,1,1,Sierra AT4,confirmed
Volkswagen,tiguanetsi,Tiguan,1,1,Tiguan eTSi,confirmed
Deepal,shenlans7,S07,1,1,SHENLAN S7,confirmed
Volkswagen,grandcalifornia,Grand California,1,1,GRAND CALIFORNIA,confirmed
Skoda,اوكتافياrs,Octavia RS,1,1,اوكتافيا RS,confirmed
Skyworth,et5,ET5,1,1,ET5,confirmed
MAN,tgx26.510,Truck,1,1,TGX26.510,confirmed
Volkswagen,id,ID4,1,1,ID,confirmed
Arcfox,as5,aS5,1,1,aS5,confirmed
JEEP,جراندشيروكيليمتد,Grand Cherokee,1,1,جراند شيروكي ليمتد,confirmed
Mercedes,+eqb250,EQB,1,1,+EQB 250,confirmed
AUDI,q550e-tron,Q5e-tron,1,1,Q5 50 e-tron,confirmed
Denza,denzaz9gt,Z9,1,1,Denza Z9GT,confirmed
FIAT,e-ulysse,E-ULYSSE,1,1,E-ULYSSE,confirmed
Dongfeng,captainv,Captain V,1,1,Captain V,confirmed
JMEV,eveasyev3,EVEASY EV3,1,1,EVEASY EV3,confirmed
Ferari,sf90spider,Spider,1,1,SF90 Spider,confirmed
Mini Coper,كابورليه4,Convertible,1,1,كابورليه 4,confirmed
Denza,ليوبارد7,B8,1,1,ليوبارد7,confirmed
JAC,e30x,E30X,1,1,E30X,confirmed
BYD,tangdm-i,Tang,1,1,Tang dm-i,confirmed
Exeed,290t,RX,1,1,290T,confirmed
Leapmotor,c10,C10,1,1,C10,confirmed
BMW,524,5-Series,1,1,524,confirmed
Porche,carrera4,Carrera,1,1,CARRERA 4,confirmed
Chevrolet,4hy,Captiva,1,1,4hy,confirmed
Denza,leopardtitan3,B3,1,1,Leopard Titan 3,confirmed
BYD,e7,e7,1,1,e7,confirmed
Volkswagen,id.unyxpro,ID UNYX,1,1,ID.UNYX PRO,confirmed
Honda,s7,S7,1,1,S7,confirmed
Mercedes,2840,Truck,1,1,2840,confirmed
Mitsubishi,لانسرايفوليوشن,Lancer,1,1,لانسر ايفوليوشن,confirmed
Deepal,s09,S09,1,1,S09,confirmed
Toyota,نصفنقل2كابينه4×4,Hilux,1,1,نصف نقل 2 كابينة 4×4,confirmed
Toyota,جرانيفا,Granvia,1,1,جرانيفا,confirmed
Mercedes,s650مايباخمصفحه,S-Class,1,1,S 650 مايباخ مصفحة,confirmed
Chevrolet,ltمجهزهبوحدهتبريد,T-Series,1,1,LT مجهزة بوحدة تبريد,confirmed
JEEP,جراندشروكي,Grand Cherokee,1,1,جراند شروكى,confirmed
Honda,cr-vex,CR-V,1,1,CR-V EX,confirmed
FORD,برونكوسبورت,Bronco,1,1,برونكو سبورت,confirmed
Fisker,ocean,Ocean,1,1,Ocean,confirmed
AUDI,sq7,Q7,1,1,SQ7,confirmed
Porche,gt3rs,Carrera,1,1,GT3 RS,confirmed
BYD,m9,M9,1,1,M9,confirmed
Land Rover,sep460e,Range Rover,1,1,SE P460e,confirmed
JMMC,d77,D77,1,1,D77,confirmed
Zeekr,mix,Mix,1,1,MIX,confirmed
Toyota,yarisyplus,Yaris,1,1,Yaris y plus,confirmed
Avatr,07maxplus,7,1,1,07MAX PLUS,confirmed
MG,3,MG3,1,1,3,confirmed
Toyota,rush,Rush,1,1,Rush,confirmed
GMC,(blank),Hummer,1,1,(blank),confirmed
Mercedes,eqa206,EQA,1,1,EQA206,confirmed
BMW,m4cs,M4,1,1,M4 CS,confirmed
Forthing,t5,T5 Evo,1,1,T5,confirmed
Porche,targa4gts911,Targa,1,1,Targa 4 gts 911,confirmed
Ferari,cilindri12,Cilindri 12,1,1,cilindri 12,confirmed
Landrover,rangrover,Range Rover,1,1,RANG ROVER,confirmed
Joylong,hkl6480,Joylong,1,1,HKL6480,confirmed
Toyota,لاندكروزرgxr3.5,Land Cruiser,1,1,لاند كروزر GXR 3.5,confirmed
Yangwang,u7,U7,1,1,u7,confirmed
Stelato,s9,S9,1,1,s9,confirmed
Li Auto,l7pro,L7,1,1,L7 Pro,confirmed
Voyah,dreamawd,Dream,1,1,Dream AWD,confirmed
Changan,eadoc363,Eado Plus,1,1,EADO C363,confirmed
Hyundai,hd65,HD Series,1,1,HD65,confirmed
BYD,atto8,Atto8,1,1,ATTO 8,confirmed
Li Auto,l6pro,L6,1,1,L6 PRO,confirmed
FORD,f150,F-150,1,1,F-150,confirmed
GWM,wingle5,Wingle5,1,1,wingle 5,confirmed
Xpeng,g7,G7,1,1,G7,confirmed
Voyah,dreamer,Dream,1,1,Dreamer,confirmed
Jetour,g700,G700,1,1,G700,confirmed
Geely,260t,Coolray,1,1,260T,confirmed
BMW,i540l,i5,1,1,i5 40L,confirmed
Volkswagen,ارتيون,Arteon,1,1,ارتيون,confirmed
NASR,924,924,1,1,924,confirmed
NASR,2100,2100,1,1,2100,confirmed
NASR,974,974,1,1,974,confirmed
Omada,e5,E5,1,1,E 5,confirmed
Iveco,s-way570,Truck,1,1,S-Way 570,confirmed
Hyundai,countyfllwb,County,1,1,County FL LWB,confirmed
BAIC,bj40e,BJ40e,1,1,BJ40e,confirmed
